"time","geo","PRI","GAS","DEP","CON","INF","EMI","MAR","REN","GDP","OIL"
2000,"AT",0.0949,7.8,65.5,792,74.28,100,55.3,25.63,6330,0.82
2000,"BE",0.1171,7.44,78.2,926,72.66,100,91.1,1.35,6030,0.96
2000,"CY",0.0845,8.98,98.6,253,73.63,100,99.6,2.88,3670,0.57
2000,"CZ",0.0475,3.57,22.7,628,73,100,69.2,5.66,1470,0.77
2000,"DE",0.1191,6.93,59.4,795,78.5,100,34,3.94,6320,0.91
2000,"DK",0.0718,8.95,-35.9,790,76.2,100,36,11.03,7980,1.01
2000,"EL",0.0564,8.98,69.1,422,69.4,100,97,7.14,3080,0.72
2000,"ES",0.0895,9.15,76.8,297,69.93,100,42.4,8.17,3800,0.73
2000,"FI",0.0645,7.74,55.5,868,75.22,100,23.3,29.79,6140,1.06
2000,"FR",0.0928,6.99,51.2,668,77.43,100,90.2,9.9,5980,0.99
2000,"HU",0.0622,2.97,55,549,49.66,100,41.3,4.87,1120,0.81
2000,"IE",0.0795,7.28,85.4,658,74.8,100,97,2.08,6760,0.72
2000,"IT",0.15,8.79,86.5,485,73.2,100,46.7,5.45,5100,0.97
2000,"LU",0.1056,5.68,99.6,1072,68.46,100,85.4,4.53,12970,0.75
2000,"MT",0.0609,8.89,100.2,196,70.58,100,100,0,2540,0.81
2000,"NL",0.0938,5.62,38.3,680,72.83,100,61.6,1.59,6870,1.03
2000,"NO",0.072,7.74,-723.1,852,76,100,30.6,61.85,10020,1.19
2000,"PT",0.1194,9.17,85.3,274,71.78,100,58.5,19.45,2970,0.77
2000,"SE",0.0637,7.63,39.3,823,78.83,100,49.5,43.2,7660,0.94
2000,"SI",0.083,5.52,52.8,568,59.52,100,50.7,16.61,2570,0.63
2000,"UK",0.1056,6.65,-17.1,732,71.9,100,20.6,0.77,7490,1.17
2000.5,"AT",0.0952,7.98,65.3,812,74.78,101,55.3,25.19,6690,0.825
2000.5,"BE",0.1168,8.29,79.4,944,74.35,100.7,91.8,1.42,6090,0.98
2000.5,"CZ",0.048,3.61,23.9,657,74.3,98.8,69.6,5.82,1680,0.78
2000.5,"DE",0.12,8.01,60.2,822,79.2,99.8,31.5,4.05,6530,0.94
2000.5,"DK",0.0716,9.67,-32.3,812,77.5,100,36,11.23,8220,1.03
2000.5,"EL",0.0554,9.17,68.8,431,69.83,99.7,97.5,6.81,3450,0.735
2000.5,"ES",0.0895,10.25,75.8,304,71.42,98.9,43.1,8.72,3920,0.755
2000.5,"FI",0.0644,7.98,55.4,904,76.73,103.7,23.1,28.65,6580,1.075
2000.5,"FR",0.0914,7.45,50.8,681,78.15,99,90.1,9.98,5950,1.005
2000.5,"HU",0.0609,3.25,54.2,570,52.24,100.6,40.4,4.85,1290,0.8425
2000.5,"IE",0.0795,7.28,87.5,672,77.4,99.8,96.8,2.05,7190,0.765
2000.5,"IT",0.1602,9.8,84.9,496,74.4,99.8,45.9,5.59,5300,0.99
2000.5,"LU",0.1048,6.86,98.5,1107,70.23,100.7,85.4,3.4,13000,0.7525
2000.5,"MT",0.062,9.48,100,194,73.69,97.6,100,0,2980,0.825
2000.5,"NL",0.1075,6.01,36.3,696,74.34,100.4,61.2,1.6,6960,1.0525
2000.5,"NO",0.0658,7.98,-719.8,868,77.1,99.2,30.6,61.55,10370,1.2
2000.5,"PL",0.0663,5.03,10.4,492,70.5,99.6,19.8,6.9,1230,0.795
2000.5,"PT",0.1194,9.41,85.2,276,73.72,100,60,19.79,3120,0.82
2000.5,"SE",0.0652,7.8,38.2,834,79.47,97.9,49,41.93,7790,0.97
2000.5,"SI",0.083,6.19,51.6,566,62.13,100.3,50.7,16.15,2760,0.6625
2000.5,"UK",0.1021,6.48,-13.3,741,72.5,100.7,21.8,0.72,7630,1.1725
2001,"AT",0.0945,8.78,65,832,75.96,101.9,55.3,24.75,6540,0.83
2001,"BE",0.1184,9.45,80.7,962,74.64,101.3,92.6,1.48,6220,1
2001,"CY",0.099,9.95,96.1,249,74.79,97.3,99.6,2.83,3840,0.7
2001,"CZ",0.0538,4.51,25,686,76,97.7,69.9,5.99,1640,0.79
2001,"DE",0.122,9.65,60.9,848,79.5,99.5,29,4.16,6510,0.97
2001,"DK",0.0781,10.96,-28.6,834,78,100.1,36,11.43,8250,1.05
2001,"EL",0.0564,9.95,68.5,440,71.61,99.4,98,6.47,3250,0.75
2001,"ES",0.0859,11.06,74.8,310,71.94,97.8,43.8,9.26,4100,0.78
2001,"FI",0.0637,8.79,55.3,941,77.37,107.3,23,27.51,6650,1.09
2001,"FR",0.0914,8.44,50.4,694,78.47,98.1,90,10.05,6230,1.02
2001,"HU",0.0634,3.2,53.4,590,54.63,101.1,39.5,4.83,1250,0.875
2001,"IE",0.0795,7.28,89.6,686,77.7,99.6,96.6,2.02,7760,0.81
2001,"IT",0.1567,11.07,83.2,507,75,99.6,45,5.73,5400,1.01
2001,"LU",0.112,7.63,97.4,1142,70.43,101.3,85.4,2.27,13210,0.755
2001,"MT",0.0617,10.51,99.8,191,71.3,95.2,100,0,2660,0.84
2001,"NL",0.0978,6.31,34.4,711,76.21,100.8,60.8,1.62,7380,1.075
2001,"NO",0.0788,8.79,-716.5,883,78.3,98.3,30.7,61.25,10730,1.21
2001,"PL",0.071,5.29,10.4,492,72.6,99.6,19.8,6.9,1240,0.795
2001,"PT",0.12,13.68,85.2,277,74.93,99.9,61.5,20.14,3080,0.87
2001,"SE",0.0629,9.13,37,845,80.06,95.8,48.5,40.66,7580,1
2001,"SI",0.0837,8.18,50.4,564,64.56,100.7,50.7,15.7,2680,0.695
2001,"UK",0.0996,6.27,-9.5,750,72.6,101.4,22.9,0.68,7550,1.175
2001.5,"AT",0.0947,8.78,66.5,814,76.85,102.7,55.3,24.37,6860,0.835
2001.5,"BE",0.1184,8.81,79.2,933,76.37,103.3,93,1.53,6260,1.02
2001.5,"CZ",0.0549,5.25,25.6,672,78.3,95.8,70.4,6.46,1900,0.8
2001.5,"DE",0.1227,9.84,60.5,832,80.9,99.7,28.5,4.43,6710,1
2001.5,"DK",0.0815,9.09,-35.4,822,79.3,100.5,34,11.81,8530,1.07
2001.5,"EL",0.0584,9.93,69.8,448,72.75,98.6,99,6.57,3670,0.765
2001.5,"ES",0.0859,10.86,76.7,312,73.11,99.7,42.5,8.47,4220,0.805
2001.5,"FI",0.0667,8.59,53.8,948,78.75,106.9,23.5,27.64,6920,1.105
2001.5,"FR",0.0914,9.19,50.6,678,79.87,97.2,90,9.66,6130,1.035
2001.5,"HU",0.0675,3,55.1,591,57.13,100,39.6,4.85,1550,0.9075
2001.5,"IE",0.0795,7.28,88.8,676,80.5,97.4,92.3,2.16,7830,0.855
2001.5,"IT",0.1462,10.39,84.4,506,76.1,100,45,5.84,5560,1.03
2001.5,"LU",0.1138,7.72,98,1113,71.94,103.6,85.4,1.57,12970,0.7575
2001.5,"MT",0.0637,10.16,99.8,198,75.9,99.2,100,0.04,3140,0.855
2001.5,"NL",0.0887,6.69,34.7,700,78.29,100.1,60.2,1.68,7310,1.0975
2001.5,"NO",0.0878,8.59,-758.5,880,78.7,101.8,30.7,61.2,10620,1.22
2001.5,"PL",0.075,6.6,10.9,490,74,99,19.6,6.99,1350,0.8125
2001.5,"PT",0.12,13.23,84.7,282,76.9,101.2,61.5,18.9,3270,0.92
2001.5,"SE",0.0683,9.9,37.3,834,81.73,95.5,48.8,39.84,7110,1.03
2001.5,"SI",0.082,8.47,50.5,574,67.79,100.3,50.7,15.23,2950,0.7275
2001.5,"UK",0.1048,6.79,-10.7,742,73.6,100.6,22,0.73,7810,1.1775
2002,"AT",0.0932,8.78,68,796,77.4,103.4,55.3,23.98,6650,0.84
2002,"BE",0.1137,8.34,77.7,904,76.61,105.4,93.4,1.57,6380,1.04
2002,"CY",0.0845,9.67,100.6,272,76.44,99.1,99.8,2.95,4020,0.83
2002,"CZ",0.0642,5.81,26.2,659,78.6,93.8,70.9,6.93,1910,0.81
2002,"DE",0.1261,9.24,60.1,815,81.1,99.9,28,4.7,6510,1.03
2002,"DK",0.0865,7.53,-42.3,811,79.8,100.9,32,12.19,8470,1.09
2002,"EE",0.0457,8.03,31.4,664,62.89,100.3,91,17.86,1280,0.58
2002,"EL",0.058,9.67,71.1,457,75.03,97.7,100,6.66,3440,0.78
2002,"ES",0.0859,10.46,78.6,314,74.15,101.5,41.2,7.69,4320,0.83
2002,"FI",0.0697,7.96,52.4,956,79.63,106.5,24,27.77,6740,1.12
2002,"FR",0.0923,9.19,50.8,662,80.37,96.4,90,9.27,6350,1.05
2002,"HU",0.0723,3.88,56.9,592,58.25,99,39.7,4.87,1590,0.94
2002,"IE",0.0883,7.27,88.1,665,81.8,95.3,88,2.3,8390,0.9
2002,"IT",0.139,9.95,85.6,504,76.7,100.4,45,5.96,5540,1.05
2002,"LU",0.1148,6.64,98.6,1084,71.96,105.9,85.4,0.87,13850,0.76
2002,"MT",0.0631,9.81,99.8,204,74.3,103.3,100,0.07,2860,0.87
2002,"NL",0.0923,7.03,35.1,689,79.91,99.4,59.7,1.75,7600,1.12
2002,"NO",0.0927,7.96,-800.5,877,79,105.4,30.7,61.14,10640,1.23
2002,"PL",0.0818,6.64,11.4,489,75.2,98.5,19.5,7.08,1370,0.83
2002,"PT",0.1223,13.19,84.2,288,77.67,102.6,61.5,17.67,3270,0.97
2002,"SE",0.0701,9.63,37.7,822,82.35,95.2,49,39.03,7630,1.06
2002,"SI",0.0858,7.31,50.6,585,69.97,99.9,50.7,14.76,2890,0.76
2002,"UK",0.1031,6.63,-12,733,73.7,99.8,21,0.77,7980,1.18
2002.5,"AT",0.0931,8.78,69.5,802,77.98,105.4,55.3,22.95,7080,0.96
2002.5,"BE",0.1111,8.2,78.7,928,77.25,103.7,92.7,1.67,6440,1.155
2002.5,"CY",0.0891,9.49,98.3,282,78.28,97.9,99.9,2.99,4280,0.8925
2002.5,"CZ",0.0693,5.7,25.6,670,78.5,92.8,72.1,6.66,2230,0.8775
2002.5,"DE",0.1249,8.81,60.3,812,81.8,99.5,30,5.05,6870,1.1375
2002.5,"DK",0.0843,8.06,-36.9,820,81,102.8,36.5,12.63,8760,1.195
2002.5,"EL",0.058,9.49,69.1,484,75.4,98.2,100,6.79,3880,0.87
2002.5,"ES",0.0859,9.93,77.7,322,75.64,100.3,40.2,8.46,4420,0.925
2002.5,"FI",0.0702,8.13,55.7,969,80.33,110,25.5,27.22,7050,1.225
2002.5,"FR",0.0923,8.8,50.7,672,81.13,96.1,89.8,9.37,6320,1.1425
2002.5,"HU",0.0714,3.84,59.5,622,59.69,100.6,36,4.8,1780,1.03
2002.5,"IE",0.0883,7.27,89.2,676,83.8,98.2,86.5,2.18,8660,0.9975
2002.5,"IT",0.1418,9.66,84.3,528,78,99.9,45.6,6.3,5800,1.17
2002.5,"LU",0.1151,6.65,98.5,1097,73.32,106,85.4,0.85,13580,0.8675
2002.5,"MT",0.069,9.58,99.8,214,77.6,103.3,100,0.08,3140,0.9475
2002.5,"NL",0.0982,7.1,36.9,696,81.22,98.7,61.2,1.75,7600,1.245
2002.5,"NO",0.0887,8.13,-769.5,856,79.6,103,30.7,59.47,11460,1.325
2002.5,"PL",0.0719,5.88,12.4,490,74.9,99,19.4,6.99,1290,0.9225
2002.5,"PT",0.1223,12.77,84.8,294,79.62,99.8,61.5,19.52,3440,1.0725
2002.5,"SE",0.0688,9.58,40.7,823,83.14,97.2,47.5,38.36,7600,1.1725
2002.5,"SI",0.0832,7.08,52.1,607,72.88,98.5,50.5,14.8,3180,0.85
2002.5,"UK",0.0974,6.75,-9,742,74.4,99.6,21.3,0.76,7930,1.275
2003,"AT",0.0926,8.85,71,808,78.71,107.4,55.3,21.93,6840,1.08
2003,"BE",0.112,8.58,79.7,951,77.51,102,92,1.77,6550,1.27
2003,"CY",0.0915,9.4,96.1,291,79.85,96.7,100,3.03,4250,0.955
2003,"CZ",0.0654,5.2,24.9,680,78,91.7,73.2,6.4,2010,0.945
2003,"DE",0.1267,8.93,60.5,809,82,99.1,32,5.39,6570,1.245
2003,"DK",0.0947,8.33,-31.5,829,81.9,104.7,41,13.06,8680,1.3
2003,"EE",0.055,3.93,28.4,674,64.47,101.8,93,18.24,1460,0.76
2003,"EL",0.0606,9.4,67.1,511,77.51,98.8,100,6.92,3740,0.96
2003,"ES",0.0872,10.43,76.7,331,76.94,99.2,39.1,9.23,4550,1.02
2003,"FI",0.0738,7.17,59.1,982,80.76,113.4,27,26.67,6770,1.33
2003,"FR",0.089,9.06,50.7,682,81.87,95.8,89.5,9.46,6490,1.235
2003,"HU",0.0733,3.94,62.1,652,61.05,102.1,32.3,4.72,1690,1.12
2003,"IE",0.1006,7.27,90.3,686,85.7,101.1,85,2.06,8840,1.095
2003,"IT",0.1449,9.86,83,551,78.9,99.4,46.3,6.64,5690,1.29
2003,"LU",0.1191,6.91,98.4,1110,74.29,106.1,85.4,0.84,13850,0.975
2003,"MT",0.0652,9.63,99.8,223,74.91,103.4,100,0.08,2820,1.025
2003,"NL",0.097,8.17,38.7,703,82.07,98,62.6,1.74,7800,1.37
2003,"NO",0.1568,7.17,-738.5,835,82.3,100.6,30.7,57.81,11860,1.42
2003,"PL",0.0775,5.91,13.3,492,75.4,99.4,19.2,6.9,1210,1.015
2003,"PT",0.1257,12.7,85.5,299,80.75,97,61.5,21.36,3300,1.175
2003,"SE",0.0838,9.85,43.7,824,84.51,99.1,46,37.69,8010,1.285
2003,"SI",0.0833,7.4,53.6,629,74.64,97.1,50.3,14.85,3020,0.94
2003,"UK",0.0959,6.56,-6,750,74.7,99.3,21.6,0.75,7770,1.37
2003.5,"AT",0.0919,8.85,71,798,78.79,106.4,55.3,22.24,7170,1.2
2003.5,"BE",0.1115,8.56,79.8,956,78.32,101.8,89.8,1.83,6590,1.385
2003.5,"CY",0.0928,9.69,95.8,284,80.33,101,100,3.05,4470,1.0175
2003.5,"CZ",0.0646,5.56,25.1,675,78.3,90.4,73.2,6.59,2200,1.0125
2003.5,"DE",0.1254,9.13,60.8,797,82.5,97.8,30.2,5.8,6900,1.3525
2003.5,"DK",0.0869,7.67,-39.3,827,82.4,101.1,38.5,13.95,8850,1.405
2003.5,"EL",0.0606,9.69,69.7,506,78.03,98.2,98.5,7.04,4270,1.05
2003.5,"ES",0.0872,10.21,77.2,337,77.85,99.5,37.5,8.78,4650,1.115
2003.5,"FI",0.0795,7.93,56.9,972,81.12,109.6,26.5,27.96,7250,1.435
2003.5,"FR",0.089,9.43,50.8,693,82.73,94.9,89.8,9.49,6430,1.3275
2003.5,"HU",0.0728,4.02,61.5,628,62.52,100.3,33.8,4.54,1850,1.21
2003.5,"IE",0.1006,7.93,90.9,694,87.1,99.7,84,2.21,8890,1.1925
2003.5,"IT",0.1472,10.05,83.7,548,80.2,99.4,44.8,6.48,5980,1.41
2003.5,"LU",0.1191,6.96,98.1,1138,74.72,107.2,85.4,0.87,13980,1.0825
2003.5,"MT",0.064,9.87,99.8,222,78.92,99.7,100,0.09,3220,1.1025
2003.5,"NL",0.0989,8.56,35.4,690,82.95,97.8,61,1.89,7690,1.495
2003.5,"NO",0.096,7.93,-737,832,80.6,101,31,58.13,10670,1.515
2003.5,"PL",0.0742,8.59,14,492,75.4,99.8,18.9,6.91,1230,1.1075
2003.5,"PT",0.1257,12.64,84.7,302,81.96,97.3,58.6,20.28,3510,1.2775
2003.5,"SE",0.0856,9.92,40.5,810,85.13,96.1,46.5,38.18,7960,1.3975
2003.5,"SI",0.0852,7.67,53,626,77.29,96.7,51.6,15.49,3360,1.03
2003.5,"UK",0.0897,6.2,-0.7,756,75.3,99.7,20.9,0.83,7570,1.465
2004,"AT",0.0981,9.13,71.1,787,79.67,105.4,55.3,22.55,7000,1.32
2004,"BE",0.1145,8.39,79.9,962,78.59,101.5,87.7,1.89,6860,1.5
2004,"BG",0.0486,5.62,48.3,270,66.46,108.6,36.8,9.23,570,0.92
2004,"CY",0.0928,8.82,95.5,277,81.14,105.3,100,3.07,4530,1.08
2004,"CZ",0.066,5.38,25.3,670,79.6,89.2,73.1,6.77,2090,1.08
2004,"DE",0.1259,9.1,61.2,785,82.9,96.5,28.4,6.21,6750,1.46
2004,"DK",0.0915,8.45,-47.1,825,82.7,97.5,36,14.84,8970,1.51
2004,"EE",0.055,3.93,30.4,677,64.91,100.7,93,18.38,1690,0.94
2004,"EL",0.0621,8.82,72.3,500,79.86,97.6,97,7.16,4100,1.14
2004,"ES",0.0885,9.95,77.6,343,78.69,99.8,36,8.33,4790,1.21
2004,"FI",0.081,7.23,54.7,963,81.36,105.8,26,29.25,7050,1.54
2004,"FR",0.0905,8.65,50.9,704,83.68,94.1,90.2,9.51,6730,1.42
2004,"HU",0.0794,4.14,61,603,65.11,98.6,35.4,4.36,1810,1.3
2004,"IE",0.1055,7.93,91.6,703,87.6,98.2,83,2.37,9410,1.29
2004,"IT",0.1434,8.88,84.4,545,80.6,99.5,43.4,6.32,5880,1.53
2004,"LT",0.0535,4.62,45.5,438,68.84,87.3,78.6,17.22,1160,1.03
2004,"LU",0.1215,6.67,97.9,1165,76.02,108.2,85.4,0.9,14680,1.19
2004,"LV",0.0487,3.58,69.4,651,60.89,93.6,91.1,32.79,1140,0.94
2004,"MT",0.0636,8.85,99.8,221,77.02,96,100,0.1,2890,1.18
2004,"NL",0.1031,8.17,32.1,678,83.29,97.7,59.4,2.03,7960,1.62
2004,"NO",0.0985,7.23,-735.4,830,81.1,101.4,31.2,58.44,11000,1.61
2004,"PL",0.0699,5.2,14.7,493,76.8,100.3,18.5,6.91,1170,1.2
2004,"PT",0.1283,11.48,83.9,306,82.54,97.6,55.8,19.21,3430,1.38
2004,"SE",0.0898,10.01,37.3,795,85.56,93.1,47,38.68,8280,1.51
2004,"SI",0.0841,7.23,52.4,623,77.64,96.2,53,16.13,3170,1.12
2004,"SK",0.1024,6.11,68.2,496,78.52,97,83.7,6.39,1460,1.17
2004,"UK",0.0837,6.52,4.5,761,75.8,100.1,20.1,0.91,7980,1.56
2004.5,"AT",0.0981,8.91,71.4,796,80.44,104.2,55.3,23.47,7490,1.32
2004.5,"BE",0.1144,8.18,79.9,957,79.92,100.8,86.3,2.11,6950,1.5325
2004.5,"BG",0.0511,5.66,47.8,272,66.46,106.5,36.8,9.2,760,0.9525
2004.5,"CY",0.0892,8.62,98.1,353,82.67,105.8,100,3.1,4900,1.1225
2004.5,"CZ",0.0678,5.38,26.6,662,80.7,89.3,72.6,6.94,2420,1.135
2004.5,"DE",0.1278,9.09,60.9,778,84.1,95.5,29.7,6.69,7010,1.4825
2004.5,"DK",0.0908,10.96,-48.9,829,83.4,95.4,34.5,15.4,9280,1.5275
2004.5,"EE",0.0575,3.92,29.3,666,67,100.4,92.5,17.9,1830,1.0125
2004.5,"EL",0.0621,8.62,70.2,504,80.49,98.6,97,7.22,4640,1.145
2004.5,"FI",0.0794,7.78,54.6,960,81.27,99.9,24.5,29.04,7550,1.5425
2004.5,"FR",0.0905,8.65,51.3,694,84.87,94.2,89.7,9.55,6660,1.435
2004.5,"HU",0.084,4.37,61.6,647,67.02,94.6,37,5.65,2120,1.3
2004.5,"IE",0.1055,7.93,90.6,706,89.3,99.1,77,2.59,9400,1.3025
2004.5,"IT",0.1412,8.88,83.9,565,82,98.7,41,6.93,6130,1.5375
2004.5,"LT",0.0535,4.36,50.4,446,70.43,92.9,74.4,17,1410,1.0425
2004.5,"LU",0.1217,7.96,97.6,1148,77.55,108.4,85.4,1.15,14940,1.215
2004.5,"LV",0.0581,3.76,66.6,662,63.56,93.2,91.9,32.53,1360,1.005
2004.5,"MT",0.0642,8.75,99.9,200,81.38,93,100,0.11,3250,1.23
2004.5,"NL",0.1039,8.2,35,668,83.97,97.2,59,2.25,7920,1.64
2004.5,"NO",0.1021,7.78,-716.8,844,81.9,100.2,30.6,59.27,11450,1.6575
2004.5,"PL",0.0737,5.49,16.2,502,79,99.8,18.5,6.91,1360,1.225
2004.5,"SE",0.0839,9.75,37.6,820,86.16,91.7,47,39.7,8310,1.4975
2004.5,"SI",0.086,7.49,52.4,609,80.19,95.8,51.5,16.07,3550,1.1475
2004.5,"SK",0.1045,6.24,67.1,484,79.78,96.6,83.7,6.38,1680,1.215
2004.5,"UK",0.0841,6.5,8.9,747,76.4,99.4,20.3,1.01,8200,1.5775
2005,"AT",0.0964,8.91,71.8,805,81.6,103,55.3,24.38,7240,1.32
2005,"BE",0.1116,8.85,80,952,80.14,100.1,85,2.33,7110,1.565
2005,"BG",0.0537,5.61,47.3,273,68.6,104.4,36.8,9.17,640,0.985
2005,"CY",0.0915,9.08,100.7,429,83.38,106.4,100,3.13,4810,1.165
2005,"CZ",0.0729,6.3,27.8,653,80.8,89.5,72,7.12,2470,1.19
2005,"DE",0.1334,10.16,60.7,772,84.3,94.5,31,7.18,6770,1.505
2005,"DK",0.0927,12.58,-50.6,833,83.4,93.3,33,15.96,9250,1.545
2005,"EE",0.0576,3.92,28.2,656,67.61,100.2,92,17.42,1860,1.085
2005,"EL",0.0637,9.08,68.2,507,83.25,99.6,97,7.28,4170,1.15
2005,"ES",0.09,10.25,81.5,348,81.16,102,35,8.43,5070,1.18
2005,"FI",0.0792,8.78,54.5,957,81.26,94,23,28.83,7430,1.545
2005,"FR",0.0905,9,51.7,683,85.06,94.3,89.1,9.6,6900,1.45
2005,"HR",0.0702,6.27,52.6,654,77.91,102,87,23.69,1870,1.29
2005,"HU",0.0851,4.43,62.3,691,67.71,90.5,38.7,6.93,1970,1.3
2005,"IE",0.1197,8.8,89.6,709,89.4,100,71,2.81,9970,1.315
2005,"IT",0.144,8.98,83.3,585,82.2,97.8,38.6,7.55,6000,1.545
2005,"LT",0.0609,4.58,55.3,453,70.8,98.6,70.3,16.77,1320,1.055
2005,"LU",0.1288,7.68,97.4,1130,78.15,108.7,85.4,1.4,15170,1.24
2005,"LV",0.0702,3.85,63.8,672,64.98,92.8,92.7,32.26,1290,1.07
2005,"MT",0.0727,9.03,100,179,78.47,90.1,100,0.12,2870,1.28
2005,"NL",0.1102,9.64,37.8,658,84.34,96.8,58.6,2.48,8200,1.66
2005,"NO",0.1137,8.78,-698.2,857,81.9,98.9,30,60.1,12270,1.705
2005,"PL",0.0823,6.19,17.7,510,79.7,99.2,18.5,6.9,1500,1.25
2005,"PT",0.1313,11.75,88.6,306,84.23,98.7,53.9,19.53,3560,1.47
2005,"RO",0.0655,4.03,27.5,375,62.52,97.4,36.4,17.57,690,1.11
2005,"SE",0.0846,11.72,37.9,846,86.02,90.3,47,40.72,8520,1.485
2005,"SI",0.0861,7.82,52.5,595,79.41,95.4,50.1,16,3270,1.175
2005,"SK",0.1123,6.84,66,473,81.05,96.2,83.6,6.36,1670,1.26
2005,"UK",0.0836,6.91,13.4,733,77,98.7,20.5,1.12,8180,1.595
2005.5,"AT",0.0949,9.07,72,800,82.13,100.3,55.3,25.36,7780,1.32
2005.5,"BE",0.1101,10.03,79.8,902,82.1,99.8,83.7,2.48,7200,1.5975
2005.5,"BG",0.0547,5.74,46.8,278,70.47,104,36.8,9.29,860,1.0175
2005.5,"CY",0.1027,9.25,101.6,433,83.74,105.8,100,3.2,5230,1.2075
2005.5,"CZ",0.0732,6.47,27.7,658,81.8,88.6,72.8,7.24,2730,1.245
2005.5,"DE",0.1348,10.4,60.9,778,85.7,93.7,31,7.83,7110,1.5275
2005.5,"DK",0.0963,12.04,-43,832,85,96.9,43.5,16.14,9790,1.5625
2005.5,"EE",0.0605,3.92,30.1,655,69.58,99.1,91.5,16.69,2140,1.1575
2005.5,"EL",0.0637,9.25,69.8,506,83.6,98.8,95.8,7.37,4710,1.155
2005.5,"ES",0.09,10.42,81.5,350,83.11,100.7,33,8.79,5180,1.165
2005.5,"FI",0.0776,8.48,54.3,965,82,99.1,24.5,29.45,7770,1.5475
2005.5,"FR",0.0905,9.33,51.6,676,86.39,93.8,88.9,9.47,6830,1.465
2005.5,"HR",0.0725,6.48,50.9,636,80.23,102.4,85,23.18,2320,1.315
2005.5,"HU",0.0917,4.68,62,679,69.46,90.4,40.2,7.18,2340,1.3
2005.5,"IE",0.1197,8.8,90.2,715,91.3,99.2,61,2.92,10090,1.3275
2005.5,"IT",0.1512,10.4,84.6,572,83.8,97.7,36.6,7.94,6270,1.5525
2005.5,"LT",0.0609,4.17,57.8,466,71.74,99.4,70,16.83,1680,1.0675
2005.5,"LU",0.1311,8.29,97.8,1112,80.62,108.6,85.4,1.44,15960,1.265
2005.5,"LV",0.0702,3.89,65.3,670,67.57,93.4,93.8,31.7,1620,1.135
2005.5,"MT",0.0732,9.83,100,180,82.8,90.2,100,0.14,3420,1.33
2005.5,"NL",0.1107,9.77,38.2,660,85.2,95.9,60.9,2.63,8250,1.68
2005.5,"NO",0.1181,8.48,-679.3,852,83,99.2,30.4,60.34,13610,1.7525
2005.5,"PL",0.0819,6.52,18.9,524,80.2,98.5,17.9,6.89,1600,1.275
2005.5,"PT",0.131,12.7,86.3,306,85.99,97.7,54.2,20.16,3760,1.515
2005.5,"RO",0.0796,5.72,28.3,373,65.25,96.3,33.8,17.33,1060,1.185
2005.5,"SE",0.0806,10.83,38,826,86.78,91.3,46,41.58,8400,1.4725
2005.5,"SI",0.0874,9.04,52.3,586,81.75,95.8,50.8,15.79,3730,1.2025
2005.5,"SK",0.1116,6.12,65.2,452,81.47,95.4,76.8,6.47,1900,1.305
2005.5,"UK",0.0881,7.11,17.2,721,78.2,99.2,21.4,1.23,8420,1.6125
2006,"AT",0.0894,10.72,72.3,794,82.84,97.6,55.3,26.34,7640,1.32
2006,"BE",0.1123,10.75,79.5,852,82.33,99.5,82.3,2.63,7430,1.63
2006,"BG",0.0552,6.42,46.2,284,73.81,103.6,36.8,9.41,710,1.05
2006,"CY",0.1225,10.13,102.5,437,85.07,105.1,100,3.26,5150,1.25
2006,"CZ",0.0829,8.43,27.5,663,82.8,87.6,73.5,7.36,2750,1.3
2006,"DE",0.1374,12.25,61,785,86.1,92.8,31,8.48,7080,1.55
2006,"DK",0.0997,13.19,-35.5,830,85.1,100.6,54,16.34,9860,1.58
2006,"EE",0.062,3.93,31.9,654,70.73,98,91,15.96,2240,1.23
2006,"EL",0.0643,10.13,71.4,506,85.76,98,94.6,7.46,4550,1.16
2006,"ES",0.094,11.75,81.5,352,84.6,99.3,31,9.14,5410,1.15
2006,"FI",0.0809,9.94,54.1,973,82.21,104.2,26,30.06,7750,1.55
2006,"FR",0.0905,10.81,51.5,668,86.97,93.2,88.7,9.34,7140,1.48
2006,"HR",0.0759,6.42,49.2,617,81.23,102.8,83,22.67,2110,1.34
2006,"HU",0.0896,4.59,61.8,667,69.36,90.3,41.7,7.43,2070,1.3
2006,"IE",0.1285,11.02,90.7,721,91.5,98.4,51.1,3.03,10710,1.34
2006,"IT",0.1548,10.43,85.9,558,84,97.5,34.6,8.33,6250,1.56
2006,"LT",0.0609,5.29,60.4,480,73.29,100.3,69.7,16.89,1540,1.08
2006,"LU",0.139,9.74,98.2,1093,81.35,108.4,85.4,1.47,17380,1.29
2006,"LV",0.0702,4.54,66.7,667,69.88,94.1,95,31.14,1620,1.2
2006,"MT",0.0904,10.28,100,180,80.32,90.3,100,0.15,3050,1.38
2006,"NL",0.1207,11.09,38.6,663,85.81,95,63.2,2.78,8720,1.7
2006,"NO",0.1101,9.94,-660.4,846,83.4,99.5,30.9,60.57,14750,1.8
2006,"PL",0.0923,7.76,20.1,537,80.4,97.8,17.3,6.89,1670,1.3
2006,"PT",0.134,13.83,84,305,86.51,96.6,54.5,20.79,3710,1.56
2006,"RO",0.0792,6.44,29.2,371,68.12,95.3,31.1,17.1,850,1.26
2006,"SE",0.0876,14.8,38,806,87.04,92.4,45,42.45,8800,1.46
2006,"SI",0.0874,10.03,52.1,578,81.44,96.1,51.4,15.59,3510,1.23
2006,"SK",0.1216,9.12,64.3,430,84.35,94.6,70,6.58,1860,1.35
2006,"UK",0.0971,7.84,21.1,709,78.5,99.8,22.2,1.34,8800,1.63
2006.5,"AT",0.098,10.72,72.3,794,83.71,97.6,55.3,26.34,8160,1.32
2006.5,"BE",0.1136,11.22,79.5,852,84.09,99.5,82.3,2.63,7500,1.63
2006.5,"BG",0.0527,6.75,46.2,284,75.95,103.6,36.8,9.41,1000,1.05
2006.5,"CY",0.1221,10.44,102.5,437,86.09,105.1,100,3.26,5530,1.25
2006.5,"CZ",0.0837,8.63,26.2,643,83.7,88,73.8,7.63,3090,1.3175
2006.5,"DE",0.141,13.33,59.7,731,87.5,93.7,30.5,9.27,7400,1.5525
2006.5,"DK",0.1072,16.18,-35.5,830,86.7,100.6,54,16.34,10390,1.58
2006.5,"EE",0.0635,4.13,31.9,654,72.72,98,91,15.96,2590,1.23
2006.5,"EL",0.0643,10.44,71.4,506,86.9,98,94.6,7.46,5070,1.16
2006.5,"ES",0.0949,11.72,81.5,352,86.45,99.3,31,9.14,5510,1.15
2006.5,"FI",0.0826,11.33,54.1,973,83.09,104.2,26,30.06,8130,1.55
2006.5,"FR",0.0905,11.42,51.5,668,88.29,93.2,88.7,9.34,7100,1.48
2006.5,"HR",0.0772,6.53,50.5,602,82.74,103.7,83.5,22.41,2530,1.3225
2006.5,"HU",0.0809,4.15,61.8,667,71.63,90.3,41.7,7.43,2270,1.3
2006.5,"IE",0.1285,11.02,90.7,721,94,98.4,51.1,3.03,10810,1.34
2006.5,"IT",0.1548,11.01,85.9,558,85.8,97.5,34.6,8.33,6500,1.56
2006.5,"LT",0.0609,5.97,60.4,480,74.88,100.3,69.7,16.89,1970,1.08
2006.5,"LU",0.139,10.17,97.4,1070,83.33,106.6,85.4,2.1,17340,1.3175
2006.5,"LV",0.0584,5.39,66.7,667,72.27,94.1,95,31.14,2070,1.2
2006.5,"MT",0.0985,10.73,100,180,85.74,90.3,100,0.15,3570,1.38
2006.5,"NL",0.124,11.24,38,636,86.71,95.2,60.5,3.04,8720,1.695
2006.5,"NO",0.1188,11.33,-660.4,846,84.9,99.5,30.9,60.57,14530,1.8
2006.5,"PL",0.0882,8.03,20.1,537,81.3,97.8,17.3,6.89,1750,1.3
2006.5,"PT",0.134,13.42,84,305,88.53,96.6,54.5,20.79,3900,1.56
2006.5,"RO",0.0809,6.92,29.2,371,69.33,95.3,31.1,17.1,1250,1.26
2006.5,"SE",0.0975,15.57,37.3,788,88.29,91.8,45,43.19,9000,1.44
2006.5,"SI",0.0873,10.7,52.1,578,83.34,96.1,51.4,15.59,4040,1.23
2006.5,"SK",0.1193,8.16,64.3,430,85.53,94.6,70,6.58,2170,1.35
2006.5,"UK",0.1103,9.44,21.1,709,80,99.8,22.2,1.34,8930,1.63
2007,"CZ",0.0963,11.12,25,623,83.9,88.4,74.2,7.89,3090,1.335
2007,"DE",0.1227,11.48,58.5,677,87.6,94.6,30,10.05,7500,1.555
2007,"HR",0.0761,6.44,51.8,587,82.81,104.6,84,22.16,2320,1.305
2007,"LU",0.1509,11.12,96.7,1046,83.22,104.7,85.4,2.73,18550,1.345
2007,"NL",0.1299,12.54,37.4,609,86.86,95.5,57.7,3.3,9270,1.69
2007,"SE",0.0968,15.21,36.6,771,88.46,91.2,45,43.93,9520,1.42
2007.5,"AT",0.1255,12.38,68.7,768,85.39,92,55.3,28.86,8570,1.37
2007.5,"BE",0.1286,11.14,81,839,85.19,95.8,80,3.59,7860,1.5
2007.5,"BG",0.0603,7.48,52.2,282,81.15,113.8,36.8,10.35,1170,1.28
2007.5,"CY",0.1349,9.14,97.5,423,88.1,101.7,100,5.13,5840,1.28
2007.5,"CZ",0.099,8.45,26.4,625,85.9,87.3,73.6,8.29,3410,1.3525
2007.5,"DE",0.1279,12.68,59.6,720,89.3,94.3,30,10.07,7780,1.5575
2007.5,"DK",0.1027,12.82,-21,819,87.6,90.9,56,18.55,10640,1.54
2007.5,"EE",0.0652,6.17,27.5,712,77.47,97.9,96.5,18.64,3120,1.18
2007.5,"EL",0.09,10.84,72.9,476,89.27,96.6,91.6,8.18,5420,1.23
2007.5,"ES",0.1152,13.92,81.6,338,88.44,95.1,22.2,10.74,5750,1.23
2007.5,"FI",0.0868,10.7,54.4,949,84.44,92.2,24,31.36,8740,1.57
2007.5,"FR",0.0924,12.2,50.8,688,89.32,89.4,87.3,11.19,7450,1.52
2007.5,"HR",0.0793,5.93,53.3,594,84.16,103.2,84.5,22.07,2770,1.2875
2007.5,"HU",0.0957,8.85,62.6,599,77.58,90,42,8.56,2580,1.27
2007.5,"IE",0.169,14.84,89.8,714,96.5,96,45.6,3.93,10900,1.56
2007.5,"LT",0.0737,5.52,56,485,78.71,93.2,71.5,17.82,2420,1.13
2007.5,"LU",0.1442,8.72,97.1,1047,85.04,104.3,85.4,2.77,18900,1.3725
2007.5,"LV",0.0695,7.33,58.8,667,79.14,94.1,87,29.81,2750,1.12
2007.5,"MT",0.0874,10.84,100,173,85.54,89.4,100,0.2,3800,1.66
2007.5,"NL",0.1289,12.15,35.5,640,87.94,96.8,60.3,3.45,9200,1.685
2007.5,"NO",0.1069,10.7,-564.5,847,85.4,85.2,27.4,62.05,15380,1.63
2007.5,"PL",0.1069,9.13,30.9,516,83.3,94.7,18.9,7.71,2010,1.43
2007.5,"PT",0.1206,17.27,83.6,295,90.56,90.2,48.5,22.94,4140,1.61
2007.5,"RO",0.0954,6.31,27.6,393,72.14,97.5,28.3,20.2,1710,1.11
2007.5,"SE",0.1013,14.38,37.4,762,89.5,89.7,45.1,44.3,9410,1.4
2007.5,"SI",0.0861,10.99,55.2,552,86.7,96.8,53,14.99,4520,1.18
2007.5,"SK",0.1152,9.67,65.8,396,86.58,93.3,71.9,7.72,2750,1.57
2007.5,"TR",0.0706,7.43,72.4,285,53.14,103.3,58.6,13.53,1630,1.87
2007.5,"UK",0.1411,9.44,26.2,688,81.5,100.3,15.3,2.69,9300,1.44
2008,"AT",0.1271,11.88,68.7,768,86.89,92,55.3,28.86,8420,1.37
2008,"BE",0.15,13.01,81,839,86.68,95.8,80,3.59,8040,1.5
2008,"BG",0.0593,8.2,52.2,282,87.98,113.8,36.8,10.35,990,1.28
2008,"CY",0.1528,9.34,97.5,423,89.81,101.7,100,5.13,5820,1.28
2008,"CZ",0.1167,10.25,27.7,627,90.5,86.3,72.9,8.68,3530,1.37
2008,"DE",0.1299,13.32,60.8,763,90.2,94.1,30,10.09,7750,1.56
2008,"DK",0.1124,14.32,-21,819,89.3,90.9,56,18.55,10600,1.54
2008,"EE",0.0639,7.39,27.5,712,82.63,97.9,96.5,18.64,2920,1.18
2008,"EL",0.0957,11.34,72.9,476,91.82,96.6,91.6,8.18,5050,1.23
2008,"ES",0.1124,13.78,81.6,338,90.46,95.1,22.2,10.74,5860,1.23
2008,"FI",0.0915,11.74,54.4,949,86.16,92.2,24,31.36,8730,1.57
2008,"FR",0.0914,12.29,50.8,688,90.98,89.4,87.3,11.19,7710,1.52
2008,"HR",0.0798,5.91,54.7,601,87.58,101.7,85,21.99,2530,1.27
2008,"HU",0.1277,9.36,62.6,599,80.74,90,42,8.56,2430,1.27
2008,"IE",0.1559,13.29,89.8,714,97.1,96,45.6,3.93,10790,1.56
2008,"LT",0.0729,7.75,56,485,83.87,93.2,71.5,17.82,2240,1.13
2008,"LU",0.1442,14.1,97.4,1048,86.71,103.9,85.4,2.82,19530,1.4
2008,"LV",0.0802,8.27,58.8,667,86.52,94.1,87,29.81,2650,1.12
2008,"MT",0.0945,11.34,100,173,84.37,89.4,100,0.2,3530,1.66
2008,"NL",0.1304,11.82,33.6,670,88.42,98.2,62.9,3.6,9720,1.68
2008,"NO",0.1179,11.74,-564.5,847,86.9,85.2,27.4,62.05,16590,1.63
2008,"PL",0.0965,9.48,30.9,516,85.3,94.7,18.9,7.71,2220,1.43
2008,"PT",0.1074,16.54,83.6,295,91.31,90.2,48.5,22.94,4080,1.61
2008,"RO",0.0885,5.95,27.6,393,76.09,97.5,28.3,20.2,1330,1.11
2008,"SE",0.1085,14.77,38.2,754,91.15,88.1,45.2,44.67,9580,1.38
2008,"SI",0.0911,12.14,55.2,552,89.09,96.8,53,14.99,4280,1.18
2008,"SK",0.1194,9.99,65.8,396,88.97,93.3,71.9,7.72,2740,1.57
2008,"TR",0.0782,7.34,72.4,285,56.31,103.3,58.6,13.53,1646,1.87
2008,"UK",0.1394,10.46,26.2,688,82.4,100.3,15.3,2.69,8650,1.44
2008.5,"AT",0.1268,12.55,66.9,773,88.64,92,55.3,29.94,8870,1.435
2008.5,"BE",0.1619,16.37,78.2,815,90.21,94.6,78.8,4.15,8010,1.5925
2008.5,"BG",0.0685,9.05,48.8,283,92.86,114.4,36.8,11.18,1370,1.3375
2008.5,"CY",0.1754,11.62,96.8,434,92.81,102.4,100,5.53,6200,1.3275
2008.5,"CZ",0.1189,12.34,27.3,632,91.7,86.9,73.3,9.33,4160,1.465
2008.5,"DE",0.1341,16.14,60.9,744,92.3,93.8,28,10.48,7940,1.645
2008.5,"DK",0.1262,14.78,-20.4,818,91.4,91.3,51.5,19.25,11080,1.655
2008.5,"EE",0.067,8.38,26.2,720,86.16,95.9,93.2,20.79,3170,1.27
2008.5,"EL",0.1005,12.57,70.1,458,93.68,95.9,91.7,8.46,5690,1.435
2008.5,"ES",0.1277,15.64,80.6,341,93.15,93.7,27.5,11.85,5860,1.3125
2008.5,"FI",0.0955,13.22,54.6,971,88.1,93.8,24.2,31.35,9100,1.6625
2008.5,"FR",0.091,13.71,50.7,685,92.93,89.6,87.3,11.7,7590,1.635
2008.5,"HR",0.0961,6.31,50.4,608,90.9,100.7,88.5,22.79,3050,1.35
2008.5,"HU",0.1281,10.77,60.1,614,82.99,88.2,42.5,10.12,2850,1.37
2008.5,"IE",0.1791,15.9,88.6,704,99.9,93.4,41.3,4.55,10420,1.615
2008.5,"LT",0.0732,9.01,52.3,490,88.49,93.3,71.2,18.81,2730,1.245
2008.5,"LU",0.1391,12.73,97.5,1044,89.97,104.6,85.4,2.88,19130,1.4375
2008.5,"LV",0.0955,13.2,59.6,692,92.23,91.9,87,32.06,2920,1.21
2008.5,"MT",0.1463,12.57,99.9,164,90.33,89.7,100,0.21,4030,1.6525
2008.5,"NL",0.1339,13.25,33.8,668,90.55,97.8,61,3.93,9640,1.7925
2008.5,"NO",0.1237,13.22,-568.1,862,88.8,86,28.4,63.59,16950,1.7525
2008.5,"PL",0.1005,11.72,31.5,520,87.1,95.1,18.5,8.19,2490,1.465
2008.5,"PT",0.1066,16.64,82.5,299,93.39,90,50.5,23.68,4240,1.67
2008.5,"RO",0.092,6.14,23.8,394,78.71,96.3,28.8,21.18,2030,1.1975
2008.5,"SE",0.1137,16.99,38.1,766,92.92,90.7,44.6,46.27,9500,1.5025
2008.5,"SI",0.0919,15.68,52.1,591,92.7,97.2,54,17.57,4870,1.3025
2008.5,"SK",0.1283,10.86,66.8,398,90.41,93.9,76.8,8.55,3290,1.6025
2008.5,"TR",0.0969,10.67,71.4,274,59.55,104.1,58.8,13.81,1655,2.0325
2008.5,"UK",0.153,12.73,26.8,676,85.1,99.8,19.9,3.02,8020,1.56
2009,"AT",0.138,13.13,65.2,778,87.9,91.9,55.3,31.02,8230,1.5
2009,"BE",0.1431,13.54,75.5,791,88.5,93.3,77.7,4.72,7760,1.685
2009,"BG",0.0685,10.95,45.4,284,93.28,115.1,36.8,12.01,1050,1.395
2009,"CY",0.1336,10.45,96.1,444,90.64,103.2,100,5.92,5610,1.375
2009,"CZ",0.1212,11.55,26.9,637,91.8,87.5,73.7,9.98,3240,1.56
2009,"DE",0.1401,13.48,61.1,726,91.1,93.5,26,10.87,7370,1.73
2009,"DK",0.1115,10.77,-19.9,817,90.8,91.8,47,19.95,10240,1.77
2009,"EE",0.0712,8.99,24.9,727,86.51,93.9,90,22.93,2600,1.36
2009,"EL",0.1055,11.99,67.3,440,93.64,95.3,91.8,8.73,4810,1.64
2009,"ES",0.1294,14.64,79.6,344,91.19,92.2,32.9,12.96,5580,1.395
2009,"FI",0.0974,11.29,54.7,993,88.3,95.3,24.5,31.34,8210,1.755
2009,"FR",0.0908,13.01,50.6,682,91.67,89.8,87.3,12.22,7430,1.75
2009,"HR",0.0935,7.26,46,614,90.4,99.7,92,23.6,2380,1.43
2009,"HU",0.1227,11.15,57.6,630,82.66,86.3,43.1,11.67,2040,1.47
2009,"IE",0.1789,15.76,87.4,694,98.3,90.8,37,5.18,9600,1.67
2009,"LT",0.0799,10,48.5,496,91.81,93.5,70.9,19.8,2020,1.36
2009,"LU",0.1619,12.19,97.5,1041,86.71,105.3,85.4,2.94,18210,1.475
2009,"LV",0.0957,13.21,60.4,717,94.9,89.7,87,34.32,2170,1.3
2009,"MT",0.1627,11.99,99.9,156,86.96,89.9,100,0.22,3560,1.645
2009,"NL",0.1473,14.41,34.1,667,89.95,97.3,59,4.27,9470,1.905
2009,"NO",0.1131,11.29,-571.8,877,89.1,86.8,29.5,65.13,13910,1.875
2009,"PL",0.0883,8.85,32,524,88,95.4,18.1,8.66,1870,1.5
2009,"PT",0.1264,15.68,81.4,303,91.41,89.8,52.4,24.42,3910,1.73
2009,"RO",0.0814,4.84,19.9,394,81.26,95.1,29.3,22.16,1160,1.285
2009,"SE",0.104,14.13,38,778,93.02,93.3,44,47.88,7950,1.625
2009,"SI",0.1056,14.44,49.1,630,90.3,97.6,55,20.15,4160,1.425
2009,"SK",0.1294,10.78,67.7,399,91.38,94.6,81.7,9.37,2770,1.635
2009,"TR",0.0909,8.91,70.4,262,61.66,104.9,59,14.09,1660,2.195
2009,"UK",0.1399,11.28,27.3,664,84.9,99.2,24.5,3.34,6860,1.68
2009.5,"AT",0.138,12.47,64,812,88.26,91.1,55.3,31.11,8650,1.565
2009.5,"BE",0.139,11.45,76.7,832,88.65,92.1,78.4,5.18,7830,1.7775
2009.5,"BG",0.0685,8.06,42.8,294,93.81,116.5,36.8,12.97,1330,1.4525
2009.5,"CY",0.1409,9.13,98.4,425,92.08,103.2,100,6.05,5820,1.4225
2009.5,"CZ",0.1277,11.02,26.1,674,91.6,85.4,73.3,10.25,3700,1.655
2009.5,"DE",0.1359,12.09,60.5,754,91.7,93.4,27.2,11.28,7690,1.815
2009.5,"DK",0.0963,11.84,-17.9,860,92,89.7,46.5,20.92,10430,1.885
2009.5,"EE",0.0696,8.03,20.2,749,85.82,99.6,89.5,23.75,2610,1.45
2009.5,"EL",0.0942,11.3,68,430,94.34,95,88.4,9.4,5510,1.845
2009.5,"ES",0.1381,12.82,78.3,354,91.92,89.8,28.4,13.39,5620,1.4775
2009.5,"FI",0.0968,11.63,51.7,1044,89.12,97.5,25.6,31.89,8410,1.8475
2009.5,"FR",0.0908,13.85,49.7,692,92.19,89.2,86.9,12.44,7310,1.865
2009.5,"HR",0.0932,7.42,46.3,630,92.02,98.2,90,24.35,2800,1.51
2009.5,"HU",0.132,10.59,57.3,648,87.04,85.3,42.6,12.21,2430,1.57
2009.5,"IE",0.1635,13.47,87.3,708,97.4,90.8,35.5,5.44,9290,1.725
2009.5,"LT",0.0768,9.38,63.8,505,90.82,109.2,53.2,19.72,2150,1.475
2009.5,"LU",0.1653,10.94,97.3,1026,88.63,104.9,85.4,2.9,18020,1.5125
2009.5,"LV",0.0959,9.57,53,690,94.17,93,87.5,32.35,2180,1.39
2009.5,"MT",0.1441,11.3,99.5,162,91.06,88.7,100,0.6,4000,1.6375
2009.5,"NL",0.1428,11.25,31.2,709,90.43,97.3,59.4,4.09,9170,2.0175
2009.5,"NO",0.1124,11.63,-543.4,920,90.7,86.6,29.6,63.32,14220,1.9975
2009.5,"PL",0.101,10.47,31.8,551,91,94.3,17.8,8.96,2110,1.535
2009.5,"PT",0.1383,15.73,78.3,292,92.03,87.3,49.8,24.29,4180,1.79
2009.5,"RO",0.0815,4.05,20.6,397,82.68,92.9,31.5,22.5,1660,1.3725
2009.5,"SE",0.1059,15.37,37.9,830,94.6,91.9,43,47.42,8320,1.7475
2009.5,"SI",0.105,11.68,49.3,638,92.1,96.5,55.6,20.28,4540,1.5475
2009.5,"SK",0.1311,11.1,66.1,414,90.97,92.5,81.3,9.23,3090,1.6675
2009.5,"TR",0.0936,6.97,70.5,264,62.76,101.2,57.9,14.05,1664,2.3575
2009.5,"UK",0.1341,11.28,28.1,694,86.7,98.7,22.8,3.56,7150,1.8
2010,"AT",0.1427,12.54,62.8,845,88.98,90.2,55.3,31.2,8280,1.63
2010,"BA",0.0634,8.09,35,637,90.26,94.9,45.8,18.71,1543,1.42
2010,"BE",0.1449,11.75,77.9,874,89.2,90.9,79.1,5.64,7970,1.87
2010,"BG",0.0675,8.51,40.1,303,94.95,117.9,36.8,13.93,1020,1.51
2010,"CY",0.1597,9.23,100.6,406,92.86,103.3,100,6.17,5640,1.47
2010,"CZ",0.1236,10.87,25.3,710,92,83.4,73,10.51,3400,1.75
2010,"DE",0.1381,11.54,60,781,91.7,93.3,28.4,11.69,7680,1.9
2010,"DK",0.1041,13.13,-16,902,92.5,87.6,46,21.89,10450,2
2010,"EE",0.0695,7.71,15.5,771,85.65,105.2,89,24.57,2500,1.54
2010,"EL",0.0975,11.14,68.6,420,95.82,94.7,85.1,10.08,4880,2.05
2010,"ES",0.1417,12.79,77.1,364,91.82,87.4,24,13.81,5540,1.56
2010,"FI",0.0998,12,48.8,1095,89.71,99.7,26.6,32.44,8170,1.94
2010,"FR",0.094,12.25,48.7,701,92.79,88.5,86.5,12.67,7510,1.98
2010,"HR",0.0934,8.65,46.7,645,91.61,96.8,88,25.1,2390,1.59
2010,"HU",0.1349,11.9,56.9,665,87.78,84.3,42.1,12.74,2250,1.67
2010,"IE",0.1589,12.07,87.1,723,95.8,90.8,34,5.71,9170,1.78
2010,"LT",0.0955,8.62,79,514,91.58,124.9,35.4,19.64,2030,1.59
2010,"LU",0.1433,10.6,97,1012,89.33,104.5,85.4,2.87,18690,1.55
2010,"LV",0.0954,7.92,45.5,662,91.78,96.2,88,30.38,1920,1.48
2010,"MT",0.1569,11.14,99,167,88.05,87.4,100,0.98,3880,1.63
2010,"NL",0.128,11.24,28.3,751,90.3,97.3,59.7,3.92,9360,2.13
2010,"NO",0.1484,12,-515,964,91.6,86.3,29.8,61.52,16150,2.12
2010,"PL",0.1049,9.68,31.6,578,91.5,93.2,17.4,9.25,2160,1.57
2010,"PT",0.1093,15.7,75.2,281,91.5,84.9,47.2,24.16,4070,1.85
2010,"RO",0.0856,4.18,21.4,400,85.45,90.7,33.6,22.83,1220,1.46
2010,"SE",0.1195,16.44,37.8,883,95.53,90.6,42,46.96,9050,1.87
2010,"SI",0.1057,12.56,49.5,647,91.93,95.4,56.3,20.42,4070,1.67
2010,"SK",0.1277,10.18,64.4,429,91.21,90.4,80.9,9.1,2900,1.7
2010,"TR",0.1067,7.31,70.7,265,66.71,97.4,56.8,14.01,1667,2.52
2010,"UK",0.1321,10.73,29,725,87.8,98.2,21,3.78,7170,1.92
2010.5,"AT",0.1396,12.07,66.4,813,89.76,89.8,55.3,31.38,8900,1.675
2010.5,"BA",0.0629,9.73,35.3,602,91.9,94.4,45.8,18.35,1559,1.4625
2010.5,"BE",0.146,13.3,76.6,799,90.81,89.2,74.9,5.97,8130,1.925
2010.5,"BG",0.0692,9.98,38.4,313,96.77,120,36.8,14.04,1370,1.555
2010.5,"CY",0.169,9.7,96.4,412,94.59,102.2,100,6.22,5950,1.545
2010.5,"CZ",0.1279,11.96,27,682,93.1,84.2,71.2,10.73,3870,1.795
2010.5,"DE",0.137,11.68,60.9,740,92.8,94.3,29,12.08,8110,1.915
2010.5,"DK",0.1096,13.39,-10.9,854,94,85.9,44,22.64,11020,2.005
2010.5,"EE",0.0711,8.66,14.7,738,88.18,105,88,24.96,2870,1.595
2010.5,"EL",0.0959,11.81,66.6,459,99.55,95.5,83,10.62,5180,2.0525
2010.5,"ES",0.1492,12.71,76.6,350,93.54,88.1,23.8,13.52,5620,1.6075
2010.5,"FI",0.1026,12.65,51.3,1024,90.3,95.2,26.1,32.61,8630,1.975
2010.5,"FR",0.0995,13.39,48.8,648,93.95,86,86.2,11.84,7560,1.9625
2010.5,"HR",0.093,8.57,48.2,631,92.84,97.2,85.5,25.25,2890,1.635
2010.5,"HU",0.1247,12.3,53.6,662,90.13,83.6,43.1,13.36,2490,1.7125
2010.5,"IE",0.1629,12.12,88.7,664,96.2,90.5,36,6.18,9370,1.84
2010.5,"IT",0.1387,13.84,81.4,545,92.2,92.2,27,12.88,6650,2.075
2010.5,"LT",0.1005,10.4,78.8,510,92.41,118.8,30.1,19.79,2370,1.65
2010.5,"LU",0.1449,11.6,97.2,968,91.16,104.8,83.7,2.87,19390,1.5725
2010.5,"LV",0.0953,10.24,52.7,653,93.49,93.8,87,31.93,2200,1.56
2010.5,"MT",0.1571,12.82,100.2,166,93.36,87.4,100,1.41,4360,1.7025
2010.5,"NL",0.1284,12.17,28.8,684,91.57,96.8,57.9,4.22,9410,2.18
2010.5,"NO",0.1388,12.65,-544.9,914,92.3,92,31.7,63.11,16050,2.2225
2010.5,"PL",0.1082,11.51,32.8,553,92.8,92.7,17.6,9.77,2310,1.6125
2010.5,"PT",0.1061,16.37,76.5,272,93.79,85.3,46,24.39,4270,1.925
2010.5,"RO",0.0839,4.02,21.3,395,88.56,92.1,29.8,22.01,1680,1.52
2010.5,"SE",0.128,17.41,37.1,848,95.9,86.8,41.5,47.6,9880,1.9275
2010.5,"SI",0.1058,14.33,49.1,632,94.22,95.5,54.3,20.34,4550,1.7175
2010.5,"SK",0.1376,10.41,65.2,411,91.84,91.2,79.3,9.72,3320,1.77
2010.5,"TR",0.1092,7.59,70.9,272,67.52,97.7,55.8,13.42,1670,2.525
2010.5,"UK",0.138,11.16,33,661,89.3,97.6,33.3,4.05,7660,1.9825
2011,"AL",0.096,10.06,35.7,172,93.03,94,54.7,31.19,1567,1.635
2011,"AT",0.1442,14.22,70,781,91.24,89.3,55.3,31.56,8780,1.72
2011,"BA",0.0637,9.85,35.7,566,93.03,94,45.8,18,1572,1.505
2011,"BE",0.1572,14.08,75.2,724,92.31,87.5,70.7,6.29,8250,1.98
2011,"BG",0.0688,9.96,36.7,323,99.04,122.1,36.8,14.15,1190,1.6
2011,"CY",0.1731,9.19,92.3,419,95.68,101,100,6.26,5640,1.62
2011,"CZ",0.1372,12.6,28.7,654,93.8,85,69.4,10.95,3690,1.84
2011,"DE",0.1406,12.08,61.8,698,93.5,95.4,29.6,12.47,8210,1.93
2011,"DK",0.1173,14.72,-5.9,807,94.9,84.2,42,23.39,10850,2.01
2011,"EE",0.0704,9.07,13.9,705,90.02,104.7,87,25.34,2860,1.65
2011,"EL",0.1025,11.85,64.7,498,100.53,96.3,81,11.15,4390,2.055
2011,"ES",0.1597,12.62,76.1,335,94.6,88.7,23.5,13.22,5540,1.655
2011,"FI",0.1081,13.34,53.8,954,92.49,90.8,25.6,32.79,8760,2.01
2011,"FR",0.0994,13.43,49,595,94.6,83.6,86,11.02,7800,1.945
2011,"HR",0.0918,8.48,49.6,617,93.26,97.7,83,25.39,2360,1.68
2011,"HU",0.1336,12.46,50.3,659,91.3,82.9,44.1,13.97,2310,1.755
2011,"IE",0.1584,11.69,90.3,605,96.1,90.2,38,6.65,9230,1.9
2011,"IT",0.1397,12.25,81.4,545,92.5,92.2,27,12.88,6530,2.075
2011,"LT",0.1004,9.98,78.6,506,94.19,112.6,24.9,19.94,2280,1.71
2011,"LU",0.1451,12.72,97.3,923,92.38,105,82,2.87,20510,1.595
2011,"LV",0.0957,9.59,59.9,644,95.01,91.3,86,33.48,2130,1.64
2011,"ME",0.0744,10.06,36.2,434,93.03,94,99.4,40.67,1576,1.72
2011,"MT",0.1572,12.05,101.3,165,90.93,87.4,100,1.85,3980,1.775
2011,"NL",0.1303,11.43,29.4,616,92.01,96.2,56.1,4.52,9620,2.23
2011,"NO",0.1563,13.34,-574.8,865,93.4,97.7,33.6,64.7,17890,2.325
2011,"PL",0.1145,10.46,34,528,94.7,92.2,17.8,10.3,2370,1.655
2011,"PT",0.1015,15.75,77.8,263,94.79,85.8,44.9,24.62,4040,2
2011,"RO",0.0848,4.14,21.1,390,91.42,93.4,26,21.19,1300,1.58
2011,"SE",0.1376,18.32,36.4,813,96.84,83,41,48.24,10730,1.985
2011,"SI",0.1079,14.23,48.6,616,94.07,95.6,52.4,20.26,4280,1.765
2011,"SK",0.1372,10.78,65.9,393,94.16,91.9,77.7,10.35,3030,1.84
2011,"TR",0.0978,6.52,71.1,280,69.97,97.9,54.7,12.82,1673,2.53
2011,"UK",0.1365,11.24,36.9,597,91.3,97,45.6,4.32,7740,2.045
2011.5,"AL",0.0964,11,25.6,174,94.75,92.5,54.9,33.17,1579,1.7225
2011.5,"AT",0.1444,14.83,66.9,786,93.19,87.7,56,32.12,9310,1.765
2011.5,"BA",0.0671,11.84,34.6,582,94.75,92.5,45.8,18,1582,1.5475
2011.5,"BE",0.1595,16.29,75.4,738,94.46,89.2,68.2,6.74,8260,2.035
2011.5,"BG",0.0727,10.92,36.8,322,100.05,118.8,36.8,14.99,1550,1.645
2011.5,"CY",0.2035,9.72,94.5,413,97.89,100.8,100,6.7,5850,1.695
2011.5,"CZ",0.1345,13.77,27,666,94.9,83.8,68.7,11.88,4020,1.885
2011.5,"DE",0.1395,13.28,61.5,717,95.2,95.4,30.2,13.01,8500,1.945
2011.5,"DK",0.1201,14.61,-4.4,801,96.7,81.3,39.5,24.43,10990,2.015
2011.5,"EE",0.0763,9.49,16.9,720,92.82,102.2,87.5,25.43,3270,1.705
2011.5,"EL",0.1003,12.78,65.3,480,101.65,94.8,79,12.45,4840,2.0575
2011.5,"ES",0.1684,12.72,74.5,334,96.34,88.2,23.6,13.76,5550,1.7025
2011.5,"FI",0.1108,13.99,50.5,984,93.6,87.8,25.4,33.61,9100,2.045
2011.5,"FR",0.1017,14.94,48.6,624,95.91,84,86,12.23,7720,1.9275
2011.5,"HR",0.0925,8.4,49.7,608,94.62,97,82.5,26.07,2860,1.725
2011.5,"HU",0.1192,12.66,50.2,651,92.96,82.1,45.6,14.75,2660,1.7975
2011.5,"IE",0.1755,14.36,87,601,97.2,89.8,46.5,6.85,9520,1.96
2011.5,"IT",0.1412,15.62,80.2,561,94.1,92.2,26.5,14.16,6800,2.1775
2011.5,"LT",0.1009,12.39,78.1,510,96.62,112.2,27.6,20.69,2760,1.77
2011.5,"LU",0.1436,14.55,97.4,924,94.11,105.3,81.9,3.01,20240,1.6175
2011.5,"LV",0.11,9.91,58.1,660,97.45,87.9,87.5,34.59,2580,1.72
2011.5,"ME",0.0729,11,35.2,444,94.75,92.5,99.4,41.1,1584,1.77
2011.5,"MT",0.1586,14.2,101.1,168,95.59,88.3,100,2.36,4370,1.8475
2011.5,"NL",0.1305,13.69,30,632,94.54,95.3,55,4.59,9520,2.28
2011.5,"NO",0.1351,13.99,-582.2,884,93.8,96.5,31.1,65.13,17770,2.4275
2011.5,"PL",0.1052,11.3,32.8,537,96.1,93.2,17.1,10.6,2420,1.6975
2011.5,"PT",0.1068,17.86,78.6,260,96.64,87.1,41,24.6,4190,2.075
2011.5,"RO",0.0823,3.99,21.8,396,92.9,93.1,26.4,22.01,1800,1.64
2011.5,"SE",0.134,18.03,33.3,830,97.47,80.9,42.5,49.24,10550,2.0425
2011.5,"SI",0.1149,17.1,50.3,604,95.22,95.8,53.8,20.54,4590,1.8125
2011.5,"SK",0.1395,11.85,63.8,388,95.35,90,78.3,10.4,3470,1.91
2011.5,"TR",0.0919,6.67,73.4,274,71.78,97.6,54.9,13.02,1675,2.535
2011.5,"UK",0.1509,13.83,40.2,620,93.3,97.8,48.7,4.36,7410,2.1075
2012,"AL",0.0969,11.21,15.6,176,95.68,91,55.1,35.15,1586,1.81
2012,"AT",0.1433,15.6,63.8,792,93.88,86.1,56.6,32.68,9060,1.81
2012,"BA",0.0683,12.3,33.5,598,95.68,91,45.8,18.01,1588,1.59
2012,"BE",0.159,15.2,75.7,753,95.34,90.8,65.8,7.18,8460,2.09
2012,"BG",0.0706,11.44,36.9,322,100.96,115.5,36.8,15.84,1190,1.69
2012,"CY",0.2338,9.99,96.7,407,98.63,100.5,100,7.14,5470,1.77
2012,"CZ",0.1374,15.26,25.3,677,97.4,82.5,68,12.82,3660,1.93
2012,"DE",0.1441,13.22,61.2,736,95.7,95.4,30.8,13.55,8450,1.96
2012,"DK",0.113,13.4,-2.8,795,97.5,78.4,37,25.47,11020,2.02
2012,"EE",0.0771,10.92,20,734,94.25,99.7,88,25.52,3120,1.76
2012,"EL",0.1065,12.74,65.9,461,102.6,93.3,77,13.74,4070,2.06
2012,"ES",0.1766,15.57,72.9,333,96.48,87.7,23.8,14.29,5390,1.75
2012,"FI",0.1089,13.98,47.1,1014,95.3,84.8,25.2,34.43,9030,2.08
2012,"FR",0.0986,14.7,48.2,652,97.03,84.4,86,13.44,7920,1.91
2012,"HR",0.0965,8.58,49.9,600,94.6,96.2,82,26.76,2310,1.77
2012,"HU",0.1181,10.35,50.1,643,96.41,81.3,47.1,15.53,2190,1.84
2012,"IE",0.185,14.26,83.7,597,97.3,89.4,55,7.05,9460,2.02
2012,"IS",0.0877,13.98,13.7,1249,91.04,48.7,55.1,72.39,8540,1.99
2012,"IT",0.1445,14.19,79.1,577,95.6,92.1,26,15.44,6450,2.28
2012,"LT",0.1042,11.71,77.5,514,97.42,111.8,30.4,21.44,2510,1.83
2012,"LU",0.1468,14.36,97.5,925,95.36,105.6,81.8,3.14,20360,1.64
2012,"LV",0.1143,11.2,56.4,677,98.25,84.5,89,35.71,2420,1.8
2012,"ME",0.0772,11.21,34.3,453,95.68,91,99.4,41.53,1589,1.82
2012,"MT",0.1593,13.47,101,172,92.44,89.3,100,2.86,4140,1.92
2012,"NL",0.134,12.55,30.6,649,94.66,94.4,53.9,4.66,9620,2.33
2012,"NO",0.1355,13.98,-589.6,902,93.6,95.3,28.6,65.55,20050,2.53
2012,"PL",0.1106,10.58,31.6,546,98.6,94.1,16.4,10.9,2330,1.74
2012,"PT",0.1105,16.34,79.5,256,97.96,88.4,37.2,24.58,3920,2.15
2012,"RO",0.0795,3.94,22.5,402,93.97,92.8,26.7,22.82,1300,1.7
2012,"SE",0.1312,17.78,30.1,846,97.57,78.8,44,50.23,10820,2.1
2012,"SI",0.1193,17.23,52.1,593,96.18,96,55.2,20.82,4270,1.86
2012,"SK",0.14,11.93,61.6,383,97.97,88,78.9,10.45,3140,1.98
2012,"TR",0.1044,7.24,75.6,269,77.42,97.3,55.1,13.21,1677,2.54
2012,"UK",0.1603,13.82,43.4,643,94.6,98.7,51.7,4.41,8050,2.17
2012.5,"AL",0.0973,15.02,20.5,188,97.34,90.2,56,34.16,1591,1.7975
2012.5,"AT",0.1412,15.74,62.5,806,95.13,85.7,56,32.72,9440,1.7575
2012.5,"BA",0.0687,12.3,34.9,582,97.34,90.2,45.8,18.66,1592,1.57
2012.5,"BE",0.1684,16.24,76.2,782,96.33,88.9,65.3,7.35,8430,2.0425
2012.5,"BG",0.0796,12.87,37.6,315,102.46,112.2,36.8,17.37,1580,1.64
2012.5,"CY",0.2414,16.39,96.4,382,101.58,100.2,100,7.8,5700,1.73
2012.5,"CZ",0.1377,15.3,26.3,684,98.1,80.2,67.8,13.37,3910,1.865
2012.5,"DE",0.1432,13.49,61.8,756,97,95.4,31.4,13.66,8610,1.92
2012.5,"DK",0.1063,12.77,4.8,797,98.8,80.2,39,26.32,11380,2.0175
2012.5,"EE",0.0794,11.34,17,721,96.67,99.2,87.5,25.42,3490,1.685
2012.5,"EL",0.1072,23.42,63.8,404,102.57,93.3,72.2,14.53,4510,2.04
2012.5,"ES",0.1789,20.07,71.5,326,98.42,86.2,22.9,14.8,5420,1.72
2012.5,"FI",0.1097,14.5,48.4,982,96.51,86,25,35.58,9140,2.0325
2012.5,"FR",0.107,15.79,48.1,667,98.05,84.4,84.9,13.74,7790,1.88
2012.5,"HR",0.11,10.49,48.6,593,97.88,95.1,83,27.4,2840,1.7425
2012.5,"HU",0.1233,11.07,50.1,636,98.27,80.4,50,15.87,2640,1.775
2012.5,"IE",0.1954,15.59,87.6,602,99.1,89.9,54.5,7.34,9730,1.995
2012.5,"IS",0.092,14.5,13.6,1241,95,47.2,56,72.03,9720,1.955
2012.5,"IT",0.1525,17.92,77.9,572,97.5,89.9,26.5,16.09,6660,2.245
2012.5,"LT",0.1048,14.03,76.5,505,99.42,112,27.4,22.06,3010,1.765
2012.5,"LU",0.1477,14.93,97.3,922,96.63,104.3,70.1,3.34,20030,1.61
2012.5,"LV",0.0955,12.39,56.1,654,99.28,84.8,84.4,36.37,2850,1.72
2012.5,"ME",0.0825,15.02,28.9,443,97.34,90.2,99.4,42.63,1594,1.765
2012.5,"MK",0.0369,13.89,46.7,251,96.09,89.3,90,18.51,1595,1.62
2012.5,"MT",0.1598,20.67,102.6,173,99.59,88.4,100,3.31,4640,1.89
2012.5,"NL",0.1378,14.71,27.2,664,97,95.2,51.5,4.68,9450,2.285
2012.5,"NO",0.1266,14.5,-531,892,93.6,88.9,29.9,66.15,19110,2.465
2012.5,"PL",0.1195,13.01,29,542,100,93.3,16.9,11.13,2520,1.66
2012.5,"PT",0.1174,19.09,76.4,254,99.33,86.3,40.5,25.14,4050,2.085
2012.5,"RO",0.0748,4.05,20.4,394,95.76,92.3,26.8,23.36,1790,1.6725
2012.5,"SE",0.1345,18.62,31.4,824,98.19,77.9,44.4,50.52,11250,2.03
2012.5,"SI",0.1192,15.66,49.9,588,97.69,95,56.2,21.61,4480,1.84
2012.5,"SK",0.1404,11.91,61.2,390,99.01,87.3,81.3,10.29,3590,1.9275
2012.5,"TR",0.1169,9.36,75.5,264,78.39,96.9,56,13.56,1678,2.42
2012.5,"UK",0.1701,15.29,45.6,644,95.6,98.2,40.5,4.95,8470,2.1075
2013,"AL",0.0963,12.74,25.3,200,97.94,89.3,56.9,33.17,1596,1.785
2013,"AT",0.1413,15.84,61.2,819,96.54,85.3,55.5,32.77,9120,1.705
2013,"BA",0.0686,12.3,36.3,566,97.94,89.3,45.8,19.31,1597,1.55
2013,"BE",0.1583,14.53,76.8,812,96.74,87,64.9,7.52,8500,1.995
2013,"BG",0.0771,11.87,38.3,308,103.62,109,36.8,18.9,1210,1.59
2013,"CY",0.2277,13.38,96.1,356,100.62,100,100,8.46,4990,1.69
2013,"CZ",0.1378,14.71,27.4,691,99.3,77.9,67.5,13.93,3560,1.8
2013,"DE",0.1493,13.77,62.4,775,97.5,95.4,32,13.77,8470,1.88
2013,"DK",0.1064,12.25,12.3,799,98.4,81.9,41,27.17,11110,2.015
2013,"EE",0.0994,11.44,14,708,97.77,98.7,87,25.32,3370,1.61
2013,"EL",0.117,17.4,61.8,348,102.65,93.3,67.5,15.33,3850,2.02
2013,"ES",0.1752,16.16,70.1,320,99.22,84.8,22,15.32,5290,1.69
2013,"FI",0.1102,14.09,49.7,951,97.79,87.2,24.7,36.73,8940,1.985
2013,"FR",0.1051,15.69,48,682,98.34,84.4,83.8,14.04,7920,1.85
2013,"HR",0.1091,10.34,47.4,586,98.99,94,84,28.04,2330,1.715
2013,"HU",0.1061,9.46,50.1,628,99.12,79.5,52.9,16.2,2270,1.71
2013,"IE",0.1951,15.13,91.6,607,98.8,90.4,54,7.62,9390,1.97
2013,"IS",0.0831,14.09,13.5,1233,96.6,45.7,56.9,71.66,8680,1.92
2013,"IT",0.1498,15.66,76.7,568,97.9,87.8,27,16.74,6280,2.21
2013,"LT",0.086,13.84,75.6,496,100.08,112.3,24.4,22.69,2610,1.7
2013,"LU",0.1447,15.66,97.1,919,97.41,103,58.4,3.53,20210,1.58
2013,"LV",0.0964,11.14,55.9,630,98.82,85.1,79.8,37.04,2520,1.64
2013,"ME",0.0835,12.74,23.5,433,97.94,89.3,99.4,43.74,1597,1.71
2013,"MK",0.039,13.12,46.7,251,98.58,89.3,90,18.51,1598,1.62
2013,"MT",0.1585,16.53,104.1,174,94.67,87.5,100,3.76,4350,1.86
2013,"NL",0.134,12.79,23.7,679,97.7,96,49.1,4.69,9620,2.24
2013,"NO",0.1373,14.09,-472.4,882,94.7,82.5,31.2,66.75,19910,2.4
2013,"PL",0.1155,10.61,26.3,537,100.2,92.5,17.3,11.37,2380,1.58
2013,"PT",0.121,18.25,73.3,252,98.4,84.2,43.9,25.7,3890,2.02
2013,"RO",0.089,4.22,18.3,386,98.79,91.8,26.8,23.89,1380,1.645
2013,"RS",0.0467,10.54,24.1,397,94.9,89.3,53.5,21.09,1160,1.665
2013,"SE",0.1359,18.64,32.8,802,98.2,77.1,44.8,50.8,11320,1.96
2013,"SI",0.1177,14.14,47.8,584,98.91,93.9,57.1,22.41,4110,1.82
2013,"SK",0.1384,11.54,60.8,397,100.43,86.6,83.8,10.13,3180,1.875
2013,"TR",0.1186,9.37,75.4,260,83.15,96.5,56.9,13.91,1680,2.3
2013,"UK",0.1658,14.03,47.8,646,97.1,97.7,29.3,5.5,8070,2.045
2013,"XK",0.0407,12.74,21.8,272,97.94,89.3,98.8,18.62,1599,1.595
2013.5,"AL",0.0962,13.33,27,196,99.12,88.7,56.3,32.32,1600,1.7725
2013.5,"AT",0.1361,15.55,63.4,775,97.15,83.9,55.5,33.21,9570,1.6525
2013.5,"BA",0.068,11.28,32.2,411,99.12,88.7,47.6,22.09,1601,1.53
2013.5,"BE",0.1641,14.53,78,740,97.91,86.4,62.4,7.77,8530,1.9475
2013.5,"BG",0.0735,12,36.7,304,102.49,109.6,35.9,18.47,1550,1.54
2013.5,"CY",0.2028,14.36,94.6,350,102.28,100.4,100,8.81,5320,1.65
2013.5,"CZ",0.1348,13.21,28.7,657,99.5,78.1,67.6,14.5,3870,1.735
2013.5,"DE",0.1489,14.43,62.1,718,98.9,95.1,32,14.08,8860,1.84
2013.5,"DK",0.102,11.89,12.3,767,99.2,79.6,38.8,28.24,11510,2.0125
2013.5,"EE",0.1007,10.4,12.6,692,100.49,100.2,85.9,25.73,3690,1.535
2013.5,"EL",0.1193,20.22,63.6,350,102.09,91.4,69.5,15.5,4360,2
2013.5,"ES",0.1787,19.83,71.3,320,100.29,85.7,22.9,15.72,5400,1.66
2013.5,"FI",0.1087,14.16,49.9,945,98.96,82.9,24,37.75,9340,1.9375
2013.5,"FR",0.1105,16.84,47.1,620,99.22,82,85.3,14.31,7880,1.82
2013.5,"HR",0.106,10.4,45.8,556,100.49,93.7,82.2,27.93,2820,1.6875
2013.5,"HU",0.1019,9.19,55,592,99.99,79.2,53.5,15.41,2650,1.645
2013.5,"IE",0.2026,16.64,88.9,582,99.9,89.2,52.5,8.11,10140,1.945
2013.5,"IS",0.0846,14.16,13.7,1204,98.99,45.9,56.3,71.07,9810,1.885
2013.5,"IT",0.1501,17.25,76.3,527,98.7,87.8,28,16.91,6630,2.175
2013.5,"LT",0.0878,14.09,75.2,487,100.03,110.1,22.5,23.14,3220,1.635
2013.5,"LU",0.1429,14.1,96.8,882,98.35,101.8,59.8,4.02,21030,1.55
2013.5,"LV",0.0853,11.09,48.2,626,99.82,84.2,67.3,37.83,2980,1.56
2013.5,"ME",0.0855,13.33,26.7,422,99.12,88.7,99.3,43.92,1602,1.655
2013.5,"MK",0.041,13.48,49.1,252,99.66,88.7,90.7,19.03,1602,1.555
2013.5,"MT",0.1609,18.74,100.9,172,100.52,87.1,100,4.25,4950,1.83
2013.5,"NL",0.1378,14.45,27.3,610,100,96.4,48.2,5.05,9610,2.195
2013.5,"NO",0.1279,14.16,-516.5,852,96.3,88.2,30.9,67.97,18650,2.335
2013.5,"PL",0.1121,11.49,27.9,518,100.9,92.3,17.6,11.43,2490,1.5
2013.5,"PT",0.1243,20.09,71.8,261,100.12,83.1,45.2,27.6,4160,1.955
2013.5,"RO",0.0896,4.46,17.5,379,99.04,91.9,28.4,24.37,1970,1.6175
2013.5,"RS",0.0503,11.29,26,392,96.4,88.7,52.1,21.98,1300,1.6075
2013.5,"SE",0.1321,18.81,32.5,774,98.96,75.9,43.8,51.34,11080,1.89
2013.5,"SI",0.1176,14.82,46.6,538,100.42,89.8,54.8,21.97,4540,1.8
2013.5,"SK",0.1366,11.99,61.5,378,100.64,85.7,82.8,10.92,3620,1.8225
2013.5,"TR",0.1053,8.5,75.8,254,85.13,95.9,56.3,13.75,1681,2.18
2013.5,"UK",0.1712,15.55,47.3,600,98.3,96.2,29.3,6.12,8090,1.9825
2013.5,"XK",0.0402,13.33,24.5,268,99.12,88.7,98.8,19.08,1603,1.5675
2014,"AL",0.0963,12.32,28.7,193,98.83,88.1,55.8,31.48,1604,1.76
2014,"AT",0.1321,15.39,65.6,731,98.01,82.5,55.5,33.65,9270,1.6
2014,"BA",0.0676,11.28,28.2,256,98.83,88.1,49.4,24.87,1604,1.51
2014,"BE",0.1673,14.25,79.2,668,97.82,85.8,59.8,8.03,8680,1.9
2014,"BG",0.0689,11.36,35.2,300,102.21,110.1,35,18.05,1190,1.49
2014,"CY",0.1861,11.83,93.1,345,99.04,100.8,100,9.17,4880,1.61
2014,"CZ",0.1137,12.59,30.1,623,99.6,78.2,67.7,15.08,3460,1.67
2014,"DE",0.1435,14.18,61.8,662,98.6,94.7,32,14.39,8870,1.8
2014,"DK",0.1038,10.13,12.2,735,99.2,77.3,36.6,29.31,11410,2.01
2014,"EE",0.0967,10.73,11.2,676,99.3,101.6,84.8,26.14,3540,1.46
2014,"EL",0.1204,16.2,65.5,353,101.21,89.5,71.5,15.68,3740,1.98
2014,"ES",0.1702,16.62,72.6,319,99.49,86.6,23.8,16.12,5340,1.63
2014,"FI",0.107,13.71,50,939,99.63,78.6,23.3,38.78,9050,1.89
2014,"FR",0.1064,16.14,46.2,559,99.09,79.6,86.8,14.58,8020,1.79
2014,"HR",0.1004,10.32,44.2,526,99.4,93.3,80.3,27.82,2280,1.66
2014,"HU",0.0946,7.99,59.8,556,99.93,78.8,54,14.62,2380,1.58
2014,"IE",0.2008,15.62,86.1,558,99.1,88.1,51,8.6,10020,1.92
2014,"IS",0.0895,13.71,14,1175,98.07,46,55.8,70.48,9170,1.85
2014,"IT",0.1539,14.78,75.8,486,98.5,87.8,29,17.08,6360,2.14
2014,"LI",0.1393,18.51,33.9,513,98.83,88.1,55.8,23,9270,1.74
2014,"LT",0.0893,12.84,74.9,478,100.33,107.9,20.6,23.59,2790,1.57
2014,"LU",0.1431,13.29,96.5,844,98.83,100.5,61.3,4.51,21750,1.52
2014,"LV",0.086,10.65,40.6,621,99.28,83.3,54.8,38.63,2650,1.48
2014,"ME",0.0858,12.32,29.9,412,98.83,88.1,99.2,44.11,1605,1.6
2014,"MK",0.0418,12.99,51.5,253,100.07,88.1,91.4,19.56,1605,1.49
2014,"MT",0.1404,15.49,97.7,170,95.52,86.7,100,4.74,4720,1.8
2014,"NL",0.1325,12.6,30.9,541,98.48,96.9,47.4,5.42,9770,2.15
2014,"NO",0.1173,13.71,-560.6,821,96.7,93.8,30.5,69.19,18620,2.27
2014,"PL",0.1107,11.05,29.4,499,100.8,92.1,17.9,11.49,2480,1.42
2014,"PT",0.1268,19.82,70.2,270,98.45,81.9,46.5,29.51,3940,1.89
2014,"RO",0.091,4.44,16.7,372,99.96,92,29.9,24.84,1440,1.59
2014,"RS",0.0499,10.8,27.9,386,97.7,88.1,50.8,22.86,1160,1.55
2014,"SE",0.1264,18.11,32.3,746,98.35,74.8,42.9,51.87,11120,1.82
2014,"SI",0.1152,13.85,45.5,493,99.8,85.8,52.4,21.54,4260,1.78
2014,"SK",0.1224,11.75,62.1,360,100.38,84.7,81.9,11.71,3240,1.77
2014,"TR",0.0955,7.47,76.3,248,89.66,95.3,55.8,13.6,1682,2.06
2014,"UK",0.1826,15.87,46.8,554,99,94.8,29.3,6.74,8710,1.92
2014,"XK",0.041,12.32,27.2,265,98.83,88.1,98.7,19.54,1606,1.54
2014.5,"AL",0.0967,12.92,20.7,189,99.92,87.6,55.7,32.93,1607,1.66
2014.5,"AT",0.1294,15,63,748,98.77,82.8,55.5,33.6,9750,1.5
2014.5,"BA",0.0689,11.28,31,280,99.92,87.6,48.7,25.74,1607,1.395
2014.5,"BE",0.1678,13.93,81.3,701,98.43,87.9,54.1,8.02,8760,1.7825
2014.5,"BG",0.0746,11.2,35.8,303,101.35,110.9,33.8,18.16,1650,1.395
2014.5,"CY",0.1915,13.27,95.2,365,103.19,100.7,100,9.55,5260,1.515
2014.5,"CZ",0.1129,12.92,31,632,100,78.5,67.7,15.08,3840,1.545
2014.5,"DE",0.144,14.26,62,668,99.6,94.8,32,14.64,9140,1.6975
2014.5,"DK",0.101,9.44,12.6,759,99.7,74.9,34.8,30.07,11730,1.895
2014.5,"EE",0.0982,10.89,10.5,664,100.47,97.1,82.3,27.19,3870,1.38
2014.5,"EL",0.1216,17.98,68.3,382,101.23,87.3,71.1,15.69,4420,1.87
2014.5,"ES",0.1861,21.37,72.7,321,99.93,87.6,24.1,16.18,5480,1.5375
2014.5,"FI",0.105,13.7,49,922,99.91,77.2,22.8,39.05,9410,1.78
2014.5,"FR",0.1164,17.4,46,574,99.78,79.7,86.2,14.8,7970,1.69
2014.5,"HR",0.1013,10.56,46.5,552,101.04,92,79,28.39,2830,1.56
2014.5,"HU",0.0902,7.67,56.9,582,100.45,78.9,53.5,14.56,2750,1.48
2014.5,"IE",0.2085,17.21,87.4,568,100.3,87.8,53,8.85,10860,1.7825
2014.5,"IS",0.0914,13.7,15.2,1180,101.26,47.2,55.7,70.37,11020,1.81
2014.5,"IT",0.1468,17.4,76.4,510,98.7,87.7,28,17.3,6660,2.0075
2014.5,"LI",0.1408,19.54,34.7,522,99.92,87.6,55.7,23.5,9750,1.74
2014.5,"LT",0.0883,11.46,75.2,473,100.5,106.8,21.6,24.67,3380,1.4675
2014.5,"LU",0.1431,12.71,96.2,870,99.57,98.4,52.5,4.78,22000,1.4375
2014.5,"LV",0.0854,10.74,45.9,590,100.43,84.7,56.1,38.08,3090,1.4
2014.5,"ME",0.0867,12.92,30,420,99.92,87.6,98.9,43.6,1608,1.49
2014.5,"MK",0.0414,13.38,52,255,99.82,87.6,90.6,19.54,1608,1.395
2014.5,"MT",0.1189,17.69,97.5,174,101.09,79.6,100,4.93,5280,1.69
2014.5,"NL",0.1326,13.32,39.7,552,100.26,98.4,43.3,5.54,9710,2.0325
2014.5,"NO",0.1182,13.7,-569,836,98.4,93.1,29.2,69.19,17920,2.1475
2014.5,"PL",0.1097,11.3,29.7,499,100.8,92.2,17.6,11.62,2650,1.3325
2014.5,"PT",0.1301,22.27,73.3,270,99.44,84.4,44.5,30.01,4270,1.8025
2014.5,"RO",0.0906,4.26,16.7,372,100.49,91.4,27.8,24.81,2100,1.4825
2014.5,"RS",0.049,11.38,27.8,392,98.8,87.6,75,22.43,1260,1.4525
2014.5,"SE",0.1194,17.38,31.2,752,99.35,76.7,41.8,52.44,10840,1.72
2014.5,"SI",0.1151,12.96,47.6,516,100.75,86.7,51.8,21.72,4700,1.665
2014.5,"SK",0.1237,12.01,61.1,363,100.49,84.7,77.5,12.3,3720,1.6575
2014.5,"TR",0.104,8.57,77.1,253,93.17,93.7,55.7,13.6,1684,1.9
2014.5,"UK",0.1917,17.08,42.2,563,99.9,92.2,29.3,7.54,9020,1.805
2014.5,"XK",0.0441,12.92,27.4,266,99.92,87.6,98.1,19.01,1609,1.4325
2015,"AL",0.0676,12.29,12.6,185,98.57,87.2,55.7,34.39,1609,1.56
2015,"AT",0.1261,14.97,60.4,766,98.48,83.2,55.5,33.54,9520,1.4
2015,"BA",0.0694,11.3,33.7,303,98.57,87.2,48,26.61,1609,1.28
2015,"BE",0.1817,13.27,83.4,734,97.2,90.1,48.5,8,8900,1.665
2015,"BG",0.0785,11.05,36.4,306,99.8,111.8,32.5,18.26,1300,1.3
2015,"CY",0.1574,11.91,97.3,385,98.31,100.5,100,9.93,4980,1.42
2015,"CZ",0.1134,13.18,31.9,642,99.5,78.8,67.7,15.07,3660,1.42
2015,"DE",0.1431,14.13,62.1,673,98.1,94.9,32,14.9,9060,1.595
2015,"DK",0.0935,11.53,13,783,98.9,72.5,33,30.84,11750,1.78
2015,"EE",0.0951,9.95,9.8,652,98.78,92.6,79.8,28.23,3630,1.3
2015,"EL",0.1211,15.13,71,412,98.42,85.2,70.7,15.69,3750,1.76
2015,"ES",0.1815,16.14,72.8,323,98.04,88.6,24.5,16.23,5540,1.445
2015,"FI",0.1026,13.73,48,904,99.49,75.9,22.3,39.32,9140,1.67
2015,"FR",0.1111,15.57,45.9,589,98.7,79.7,85.7,15.01,8170,1.59
2015,"HR",0.1008,10.5,48.8,577,98.77,90.7,77.8,28.97,2320,1.46
2015,"HU",0.0887,7.72,53.9,607,98.56,79,53.1,14.49,2520,1.38
2015,"IE",0.197,15.43,88.7,579,98.7,87.5,55,9.11,13530,1.645
2015,"IS",0.095,13.73,16.4,1186,98.02,48.5,55.7,70.26,10830,1.77
2015,"IT",0.1507,14,77,535,98,87.6,27,17.53,6410,1.875
2015,"LI",0.161,20.65,35.4,531,98.57,87.2,55.7,24,9520,1.74
2015,"LT",0.0874,9.71,75.5,468,98.96,105.7,22.7,25.75,2830,1.365
2015,"LU",0.1331,12.08,95.9,897,97.69,96.3,43.8,5.05,22500,1.355
2015,"LV",0.1083,10.9,51.2,559,98.94,86,57.4,37.54,2760,1.32
2015,"MD",0.0819,8.24,75,531,98.57,87.2,79.1,24,1685,1.005
2015,"ME",0.0869,12.29,30.1,427,98.57,87.2,98.6,43.09,1610,1.38
2015,"MK",0.07,12.76,52.5,257,99.41,87.2,89.8,19.53,1610,1.3
2015,"MT",0.1197,14.57,97.3,179,96.29,72.5,100,5.12,5270,1.58
2015,"NL",0.1285,11.71,48.5,564,97.82,99.9,39.3,5.66,9850,1.915
2015,"NO",0.1133,13.73,-577.4,850,98.5,92.4,28,69.19,17240,2.025
2015,"PL",0.1125,11.3,29.9,499,99.7,92.3,17.4,11.74,2580,1.245
2015,"PT",0.115,20.93,76.3,269,98.09,86.9,42.5,30.51,4130,1.715
2015,"RO",0.0927,4.17,16.7,372,100.46,90.8,25.7,24.78,1580,1.375
2015,"RS",0.0472,11.78,27.7,398,98.1,87.2,99.2,21.99,1130,1.355
2015,"SE",0.1183,16.98,30,757,98.71,78.5,40.6,53.01,11040,1.62
2015,"SI",0.1123,12.55,49.7,538,99.08,87.6,51.3,21.89,4390,1.55
2015,"SK",0.1223,11.48,60.1,366,99.87,84.6,73.1,12.88,3360,1.545
2015,"TR",0.1081,8.7,77.9,258,96.12,92.1,55.7,13.6,1686,1.74
2015,"UK",0.1759,16.44,37.7,572,99.3,89.6,29.3,8.34,9850,1.69
2015,"XK",0.0481,12.29,27.6,266,98.57,87.2,97.4,18.48,1611,1.325
2015.5,"AL",0.0683,12.27,16.4,179,100.26,86.6,55.4,34.94,1611,1.46
2015.5,"AT",0.1239,14.53,61.2,777,99.89,83.7,55.5,33.45,9990,1.3
2015.5,"BA",0.0708,11.3,32.6,314,100.26,86.6,46,25.98,1612,1.165
2015.5,"BE",0.1842,13.27,79.2,734,99.27,86.8,55.5,8.36,8990,1.5475
2015.5,"BG",0.0798,9.05,37.5,311,100.34,109.2,34.8,18.51,1710,1.205
2015.5,"CY",0.1463,12.4,96.6,390,100.7,100.2,100,9.89,5420,1.325
2015.5,"CZ",0.1153,13.39,32.2,656,100.5,79.8,68.1,15,4150,1.295
2015.5,"DE",0.1427,14.26,62.9,682,100.9,94.8,32.8,14.89,9370,1.4925
2015.5,"DK",0.0883,10.68,13.6,794,100.2,73,34.1,31.34,11910,1.665
2015.5,"EE",0.0951,7.98,8.9,680,100.61,92.5,80.3,28.46,4030,1.22
2015.5,"EL",0.1227,16.82,72,408,99.96,83.4,71.3,15.54,4320,1.65
2015.5,"ES",0.1864,21.31,72.1,325,99.9,86.2,25,16.83,5740,1.3525
2015.5,"FI",0.1009,13.47,47,938,99.82,76.8,22.5,39.17,9560,1.56
2015.5,"FR",0.1113,16.17,46.6,602,100,80.8,84.1,15.35,8110,1.49
2015.5,"HR",0.1003,10.21,48.6,577,100.81,91.3,79.2,28.62,2950,1.36
2015.5,"HU",0.0902,7.7,54.8,618,100.97,79.4,53,14.4,2920,1.28
2015.5,"IE",0.1991,16.7,78.8,572,100.5,86.8,51,9.18,14440,1.5075
2015.5,"IS",0.0998,13.47,17.6,1224,101.76,49.1,55.4,70.22,12410,1.73
2015.5,"IT",0.1479,16.22,77.3,533,99.1,87.6,25.5,17.47,6810,1.7425
2015.5,"LI",0.1577,21.07,34.8,538,100.26,86.6,55.4,24,9990,1.74
2015.5,"LT",0.0863,10.01,75.1,484,100.27,106,18.5,25.68,3490,1.2625
2015.5,"LU",0.1331,11.5,96,902,99.74,94.7,30.9,5.24,21840,1.2725
2015.5,"LV",0.1096,10.65,49.2,572,100.27,86.3,58,37.34,3260,1.24
2015.5,"MD",0.0881,8.17,74.5,538,100.26,86.6,79.8,24,1687,0.9025
2015.5,"ME",0.0874,12.27,32.5,426,100.26,86.6,98.2,42.32,1612,1.27
2015.5,"MK",0.0707,12.91,55.7,247,100.09,86.6,85.6,18.79,1612,1.205
2015.5,"MT",0.1209,16.52,99.2,174,102.33,67.1,100,5.66,5870,1.47
2015.5,"NL",0.1238,12.79,47.2,571,101.07,98.9,38.3,5.74,10060,1.7975
2015.5,"NO",0.0994,13.47,-593.9,854,99.9,93,30.6,69.68,16060,1.9025
2015.5,"PL",0.1105,11.25,30.3,510,100.4,91.6,16.7,11.5,2730,1.1575
2015.5,"PT",0.1153,21.06,74.2,272,100.15,86,44.8,30.69,4440,1.6275
2015.5,"RO",0.0938,4.98,19.3,374,99.07,89.6,27.1,24.91,2250,1.2675
2015.5,"RS",0.0499,10.11,28.7,406,100,86.6,99.1,21.57,1290,1.2575
2015.5,"SE",0.1202,17.93,31.7,764,100.13,76,41.3,53.19,11160,1.52
2015.5,"SI",0.1126,12.09,49.5,547,100.07,88.8,52.6,21.59,4830,1.435
2015.5,"SK",0.1232,11.45,60.3,370,100.27,84.8,72.2,12.46,3880,1.4325
2015.5,"TR",0.0972,7.98,76.7,260,99.77,92.1,55.4,13.67,1688,1.58
2015.5,"UK",0.1808,17.3,36.6,575,100,87.9,29.3,8.66,10210,1.575
2015.5,"XK",0.0483,12.27,25.6,288,100.26,86.6,96.7,21.48,1613,1.2175
2016,"AL",0.0687,10.19,20.2,173,99.21,86,55.1,35.49,1613,1.36
2016,"AT",0.1242,14.06,62,788,99.85,84.1,55.5,33.37,9870,1.2
2016,"BA",0.0711,8.09,31.5,324,99.21,86,43.9,25.36,1613,1.05
2016,"BE",0.1567,11.53,75,734,98.99,83.6,62.6,8.71,9050,1.43
2016,"BG",0.0797,8.52,38.5,316,99.4,106.5,37,18.76,1400,1.11
2016,"CY",0.1194,10,95.8,394,97.25,99.9,100,9.86,5190,1.23
2016,"CZ",0.1161,13.38,32.6,671,100,80.7,68.4,14.93,3910,1.17
2016,"DE",0.1388,13.78,63.8,692,98.5,94.7,33.5,14.88,9280,1.39
2016,"DK",0.0897,9.56,14.2,804,99.3,73.4,35.2,31.84,11840,1.55
2016,"EE",0.0935,7.28,8,707,98.85,92.4,80.8,28.68,3890,1.14
2016,"EL",0.1162,12.28,72.9,404,98.3,81.6,72,15.39,3730,1.54
2016,"ES",0.1718,14.9,71.3,327,97.63,83.9,25.4,17.43,5730,1.26
2016,"FI",0.1017,12.01,45.9,972,99.52,77.7,22.7,39.01,9390,1.45
2016,"FR",0.1087,13.96,47.3,615,99.02,81.8,82.5,15.68,8300,1.39
2016,"HR",0.1002,9.52,48.4,577,98.6,92,80.7,28.27,2410,1.26
2016,"HU",0.0877,7.53,55.8,629,99.52,79.8,52.9,14.31,2590,1.18
2016,"IE",0.1895,14.94,68.9,564,98.7,86.2,47,9.26,13660,1.37
2016,"IS",0.1035,12.01,18.9,1262,99.13,49.8,55.1,70.17,11840,1.69
2016,"IT",0.1376,13.16,77.7,531,98.4,87.5,24,17.41,6630,1.61
2016,"LI",0.1509,17.96,34.2,545,99.21,86,55.1,24,9870,1.74
2016,"LT",0.0859,9.48,74.8,500,99.62,106.3,14.3,25.61,2990,1.16
2016,"LU",0.1327,10.92,96.1,906,98.13,93,18,5.44,22810,1.19
2016,"LV",0.1077,9.25,47.2,584,98.63,86.6,58.6,37.14,2870,1.16
2016,"MD",0.0962,7.76,74,545,99.21,86,80.5,24,1689,0.8
2016,"ME",0.0856,10.19,34.9,425,99.21,86,97.7,41.56,1614,1.16
2016,"MK",0.0696,11.6,59,237,99.84,86,81.3,18.04,1614,1.11
2016,"MT",0.1197,12.72,101.1,170,97.07,61.7,100,6.21,5470,1.36
2016,"NL",0.1206,10.41,45.9,578,98.03,97.9,37.3,5.83,10080,1.68
2016,"NO",0.1042,12.01,-610.5,857,101.6,93.5,33.3,70.16,15060,1.78
2016,"PL",0.1037,8.84,30.8,521,99.4,90.9,16,11.27,2560,1.07
2016,"PT",0.1239,19.38,72.2,276,98.78,85,47,30.86,4320,1.54
2016,"RO",0.0914,4.87,21.9,376,98.95,88.4,28.5,25.03,1660,1.16
2016,"RS",0.049,9.47,29.7,414,100.7,86,98.9,21.15,1180,1.16
2016,"SE",0.1218,16.92,33.3,772,99.96,73.5,42,53.37,11400,1.42
2016,"SI",0.1112,11.84,49.3,556,98.32,89.9,53.9,21.29,4550,1.32
2016,"SK",0.1154,10.65,60.6,374,99.24,84.9,71.3,12.03,3440,1.32
2016,"TR",0.102,7.72,75.5,261,105.35,92.1,55.1,13.74,1690,1.42
2016,"UA",0.0207,4.2,29.3,545,99.21,86,55.1,24,1690,0.83
2016,"UK",0.1576,14.28,35.6,578,99.5,86.2,29.3,8.98,9770,1.46
2016,"XK",0.0483,10.19,23.6,309,99.21,86,96,24.47,1614,1.11
2016.5,"AL",0.0695,9.84,29.2,172,100.83,85.3,53.5,34.98,1615,1.36
2016.5,"AT",0.1222,13.7,63,789,100.49,84.6,55.5,33.25,10150,1.2
2016.5,"BA",0.0721,6.78,32.8,311,100.83,85.3,45.1,24.3,1615,1.05
2016.5,"BE",0.1815,11.35,74.7,726,101.3,83.6,61.7,8.89,9240,1.43
2016.5,"BG",0.0781,7.21,38.9,322,99.25,107.5,36.3,18.73,1850,1.11
2016.5,"CY",0.1285,10.68,95.9,398,100.3,98.7,100,10.18,5720,1.23
2016.5,"CZ",0.1162,12.93,34.9,676,101,78.8,65.4,14.87,4260,1.17
2016.5,"DE",0.1382,13.34,63.9,688,101.2,93.3,32.9,15.18,9580,1.39
2016.5,"DK",0.0948,10.2,13.3,798,100.3,70.5,34.2,33.28,12210,1.55
2016.5,"EE",0.096,6.76,5.9,710,101.38,97.4,81.7,28.91,4190,1.14
2016.5,"EL",0.1185,14.45,72.1,407,100.16,82.3,65.3,16.17,4370,1.54
2016.5,"ES",0.1796,19.04,72.5,320,99.25,84.2,24,17.49,5940,1.26
2016.5,"FI",0.102,11.85,44.9,1009,100.31,75.4,22.6,39.96,9850,1.45
2016.5,"FR",0.1106,14.45,48,609,100.39,82.3,81.2,15.85,8160,1.39
2016.5,"HR",0.1018,8.22,50.8,578,99.72,91.4,83.4,27.77,3160,1.26
2016.5,"HU",0.0886,7.87,59.2,636,100.69,79.6,52.1,13.92,3040,1.18
2016.5,"IE",0.1878,15.57,68,552,100.6,85.6,45,9.92,14450,1.37
2016.5,"IS",0.1166,11.85,18.7,1246,102.91,48.8,53.5,70.43,15040,1.69
2016.5,"IT",0.1342,14.7,77.3,537,98.9,85.4,21.5,17.84,6960,1.61
2016.5,"LI",0.1525,17.34,35.2,547,100.83,85.3,53.5,24,10150,1.74
2016.5,"LT",0.0818,8.89,73.4,508,100.31,103.7,14.2,25.83,3650,1.16
2016.5,"LU",0.1327,9.79,95.8,904,99.33,92.4,17.9,5.86,22970,1.19
2016.5,"LV",0.1074,8.84,45.6,600,100.41,85,52.8,38.08,3360,1.16
2016.5,"MD",0.0923,7.58,73.6,547,100.83,85.3,80.2,24,1691,0.8
2016.5,"ME",0.0866,9.84,37.9,424,100.83,85.3,96.8,40.63,1616,1.16
2016.5,"MK",0.0701,11.53,57.7,246,100.56,85.3,79.7,18.84,1616,1.11
2016.5,"MT",0.1213,14.57,102.1,182,103.29,60.7,80.5,6.74,6060,1.36
2016.5,"NL",0.1189,11.07,48.9,570,100.5,96.4,36.6,6.14,10220,1.68
2016.5,"NO",0.113,11.85,-604.1,860,104.9,90.2,32,70.9,15340,1.78
2016.5,"PL",0.1053,9.97,34.5,523,99.8,90.6,16.8,11.12,2730,1.07
2016.5,"PT",0.1211,17.3,75.1,276,100.87,86.6,43.2,30.74,4620,1.54
2016.5,"RO",0.0893,4.65,22.6,386,98.74,87.3,25.8,24.74,2360,1.16
2016.5,"RS",0.05,8.22,31.8,410,101.2,85.3,98.8,20.72,1330,1.16
2016.5,"SE",0.1281,17.47,30,768,101.27,72.2,42.2,53.79,11210,1.42
2016.5,"SI",0.1117,11.01,50.2,549,99.97,87.9,51.2,21.17,5020,1.32
2016.5,"SK",0.1249,10.31,62.7,381,99.41,84.1,71.3,11.75,3900,1.32
2016.5,"TR",0.097,6.91,76.3,268,108.09,91.2,53.5,13.25,1692,1.42
2016.5,"UA",0.0267,5.5,33.1,547,100.83,85.3,53.5,24,1693,0.83
2016.5,"UK",0.1479,12.95,35.6,568,100.6,85.4,29.3,9.36,8850,1.46
2016.5,"XK",0.0485,9.84,26.8,314,100.83,85.3,96.3,23.78,1616,1.11
2017,"AL",0.0703,9.55,38.2,171,101.02,84.5,52,34.47,1616,1.36
2017,"AT",0.1221,14.27,63.9,790,101.91,85.1,55.5,33.14,10080,1.2
2017,"BA",0.072,7.3,34,298,101.02,84.5,46.3,23.24,1617,1.05
2017,"BE",0.1929,11.46,74.4,718,102.03,83.6,60.7,9.06,9460,1.43
2017,"BG",0.0796,7.65,39.4,328,99.77,108.5,35.6,18.7,1510,1.11
2017,"CY",0.1454,9.5,95.9,402,97.92,97.4,100,10.49,5510,1.23
2017,"CZ",0.1176,12.62,37.2,680,102.3,77,62.5,14.8,4090,1.17
2017,"DE",0.1389,12.62,64,684,100.2,92,32.2,15.47,9660,1.39
2017,"DK",0.094,11.03,12.3,791,100,67.6,33.3,34.72,12410,1.55
2017,"EE",0.0926,8.62,3.9,714,101.61,102.5,82.5,29.13,4140,1.14
2017,"EL",0.1139,13.06,71.3,410,99.79,83,58.6,16.95,3790,1.54
2017,"ES",0.1805,14.66,73.7,314,100.5,84.6,22.5,17.56,5950,1.26
2017,"FI",0.1049,12.68,44,1046,100.41,73.1,22.5,40.92,9760,1.45
2017,"FR",0.1089,13.32,48.6,603,100.57,82.9,79.9,16.01,8450,1.39
2017,"HR",0.1011,7.98,53.1,579,99.51,90.9,86.1,27.28,2570,1.26
2017,"HU",0.0886,7.7,62.5,643,101.87,79.3,51.3,13.52,2820,1.18
2017,"IE",0.1846,14.45,67,541,98.9,84.9,43,10.59,14640,1.37
2017,"IS",0.1263,12.68,18.6,1230,98.52,47.7,52,70.69,14660,1.69
2017,"IT",0.1322,12.47,77,543,99.4,83.4,19,18.27,6790,1.61
2017,"LI",0.1456,15.27,36.3,548,101.03,84.5,52,24,10080,1.74
2017,"LT",0.0783,8.38,72,515,102.15,101,14.2,26.04,3290,1.16
2017,"LU",0.1167,10.45,95.6,901,100.59,91.8,17.8,6.29,23090,1.19
2017,"LV",0.1043,8.21,44.1,616,101.45,83.4,47,39.02,3060,1.16
2017,"MD",0.0977,7.92,73.2,548,101.03,84.5,79.8,24,1693,0.8
2017,"ME",0.0804,9.55,40.9,423,101.02,84.5,96,39.71,1617,1.16
2017,"MK",0.0695,11.34,56.5,255,100.89,84.5,78,19.64,1617,1.11
2017,"MT",0.125,12.77,103,195,98.47,59.7,61,7.27,5930,1.36
2017,"NL",0.1146,9.89,51.9,562,99.64,95,36,6.46,10430,1.68
2017,"NO",0.1163,12.68,-597.8,864,104.5,86.9,30.6,71.65,17610,1.78
2017,"PL",0.096,9.4,38.3,525,100.8,90.3,17.6,10.96,2760,1.07
2017,"PT",0.1106,15.73,77.9,275,100.05,88.1,39.5,30.61,4520,1.54
2017,"RO",0.0871,7.07,23.3,395,99.28,86.2,23.1,24.45,1850,1.16
2017,"RS",0.0508,8.1,33.8,406,103.2,84.5,98.6,20.29,1240,1.16
2017,"SE",0.1257,18.95,26.6,765,101.5,71,42.4,54.2,11610,1.42
2017,"SI",0.1104,10.73,51,542,99.84,85.9,48.5,21.06,4790,1.32
2017,"SK",0.0832,9.75,64.8,388,100.02,83.2,71.4,11.46,3530,1.32
2017,"TR",0.0845,5.93,77.2,276,114.87,90.3,52,12.77,1694,1.42
2017,"UA",0.0328,5.35,36.9,548,101.03,84.5,52,24,1695,0.83
2017,"UK",0.1344,12.13,35.5,557,101.4,84.6,29.3,9.73,9080,1.46
2017,"XK",0.0546,9.55,30,319,101.03,84.5,96.6,23.08,1617,1.11
2017.5,"AL",0.0713,9.57,38.2,171,102.66,84.5,52,34.47,1618,1.36
2017.5,"AT",0.1218,14.24,64.1,762,102.47,85.2,55.5,33.28,10450,1.2
2017.5,"BA",0.0724,7.76,29.1,395,102.66,84.3,43.4,29.61,1618,1.05
2017.5,"BE",0.179,12.15,78.3,714,103.13,83.6,56.1,9.24,9480,1.43
2017.5,"BG",0.0819,8.69,37.9,322,99.85,108.8,35.7,19.61,2010,1.11
2017.5,"CY",0.142,8.51,94.2,395,100.24,97,100,12.19,6020,1.23
2017.5,"CZ",0.1218,13,37,672,103.4,76.4,62.5,14.98,4720,1.17
2017.5,"DE",0.1383,12.58,63.8,676,102.9,91.6,31.2,15.98,9940,1.39
2017.5,"DK",0.0922,10.74,18,790,101.8,66.7,33,35.21,12610,1.55
2017.5,"EE",0.095,8.49,2.3,713,105.36,104.2,81.2,29.56,4540,1.14
2017.5,"EL",0.109,11.43,71,388,101.08,83.2,58.4,17.48,4510,1.54
2017.5,"ES",0.1712,19.21,73.5,318,100.98,84.7,22.4,17.51,6180,1.26
2017.5,"FI",0.1064,12.12,44.4,1039,100.94,72.3,23.6,41.04,10150,1.45
2017.5,"FR",0.1132,14.48,47.6,593,101.17,83.1,81,16.3,8400,1.39
2017.5,"HR",0.1012,8.13,52.9,570,100.95,90.7,84.4,27.65,3370,1.26
2017.5,"HU",0.0893,7.98,60.3,619,102.92,79.2,53.2,13,3360,1.18
2017.5,"IE",0.1865,14.86,67.2,556,100.4,84.7,43.5,10.82,16280,1.37
2017.5,"IS",0.12,12.12,18.9,1332,100.93,47.4,52.3,71.44,16280,1.69
2017.5,"IT",0.1326,15.51,76.7,537,100.1,82.7,19,18.02,7120,1.61
2017.5,"LI",0.1367,15.56,36.7,553,102.66,84.3,52.3,24.5,10450,1.74
2017.5,"LT",0.0777,8.05,73.1,524,104.46,100.1,14.8,25.24,4050,1.16
2017.5,"LU",0.117,9.93,95.3,864,101.13,91.6,16.1,7.67,23080,1.19
2017.5,"LV",0.1039,8.52,44.2,628,103,82.8,55.2,39.66,3650,1.16
2017.5,"MD",0.1013,7.99,73.5,553,102.66,84.3,78.8,24.5,1695,0.8
2017.5,"ME",0.0806,9.57,35.9,411,102.66,84.3,94.5,39.26,1618,1.16
2017.5,"MK",0.0687,12,57.6,244,102.71,84.3,80.2,18.88,1619,1.11
2017.5,"MT",0.1221,13.47,100.4,194,104.57,59.4,68.5,7.62,6500,1.36
2017.5,"NL",0.1152,11.09,55.8,561,102,94.5,34.1,6.92,10600,1.68
2017.5,"NO",0.1137,12.12,-595.5,866,106.4,85.8,31,72.2,16040,1.78
2017.5,"PL",0.095,9.97,41.5,516,101.2,90.2,17.4,11.12,3000,1.07
2017.5,"PT",0.108,16.25,76.8,280,101.89,88.6,41.4,30.47,4850,1.54
2017.5,"RO",0.0945,7.19,23.8,397,99.61,85.8,26,24.16,2650,1.16
2017.5,"RS",0.0532,8.55,34.2,406,104.6,84.3,98.2,20.3,1450,1.16
2017.5,"SE",0.1305,17.08,27.9,750,103.59,70.6,43,54.42,11510,1.42
2017.5,"SI",0.1105,10.25,51.2,528,101.14,85.2,51.2,21.1,5330,1.32
2017.5,"SK",0.0838,10.3,64.3,383,100.87,82.9,71,11.68,4080,1.32
2017.5,"TR",0.0773,5.59,75.5,264,118.89,90,52.3,13.21,1696,1.42
2017.5,"UA",0.0318,5.03,35.7,553,102.66,84.3,52.3,24.5,1697,0.83
2017.5,"UK",0.1344,12.16,35.5,564,103.2,84.3,29.3,10.37,8650,1.46
2017.5,"XK",0.0588,9.57,29.6,319,102.66,84.3,95.4,23.99,1619,1.11
2018,"AT",0.1232,13.56,64.3,734,103.86,85.4,55.5,33.43,10540,1.2
2018,"BA",0.0722,7.73,24.3,492,102.88,84.1,40.5,35.97,1619,1.05
2018,"BE",0.1872,11.73,82.3,709,103.82,83.6,51.5,9.42,9660,1.43
2018,"BG",0.0816,8.78,36.4,317,101.08,109.2,35.8,20.53,1620,1.11
2018,"CY",0.1445,8.84,92.5,388,96.47,96.6,100,13.88,5820,1.23
2018,"CZ",0.1286,13.2,36.7,663,104.4,75.8,62.6,15.15,4630,1.17
2018,"DE",0.1379,12.55,63.6,667,101.7,91.1,30.2,16.48,9920,1.39
2018,"DK",0.1011,10.64,23.7,790,100.6,65.7,32.8,35.71,12460,1.55
2018,"EE",0.0989,7.96,0.7,712,105.28,105.9,80,30,4470,1.14
2018,"EL",0.1132,12.73,70.7,365,100,83.5,58.2,18,3900,1.54
2018,"ES",0.1873,14.62,73.3,321,101.22,84.8,22.4,17.45,6150,1.26
2018,"FI",0.1074,12.09,44.9,1032,101.26,71.6,24.7,41.16,10120,1.45
2018,"FR",0.1134,13.37,46.6,583,102.06,83.3,82.1,16.59,8670,1.39
2018,"GE",0.058,3.55,75.7,558,102.89,84.1,52.6,25,1697,1.42
2018,"HR",0.102,8.17,52.7,562,100.75,90.5,82.7,28.02,2730,1.26
2018,"HU",0.0885,7.84,58.1,595,104.01,79.1,55.1,12.49,3090,1.18
2018,"IE",0.1846,14.44,67.4,571,99.2,84.5,44,11.06,16490,1.37
2018,"IS",0.1222,12.09,19.2,1433,97.86,47,52.6,72.18,14830,1.69
2018,"IT",0.1285,12.74,76.3,531,100.6,82,19,17.77,6990,1.61
2018,"LI",0.1651,13.44,37.1,558,102.89,84.1,52.6,25,10540,1.74
2018,"LT",0.0771,7.91,74.2,533,105.87,99.2,15.5,24.45,3570,1.16
2018,"LU",0.1283,10.25,95.1,828,101.9,91.4,14.4,9.06,23800,1.19
2018,"LV",0.1035,8.37,44.3,639,103.49,82.3,63.4,40.29,3260,1.16
2018,"MD",0.102,6.53,73.8,558,102.89,84.1,77.8,25,1698,0.8
2018,"ME",0.0828,9.33,30.9,399,102.88,84.1,93,38.81,1619,1.16
2018,"MK",0.0662,9.58,58.7,233,102.96,84.1,82.4,18.12,1620,1.11
2018,"MT",0.1209,12.74,97.8,193,99.63,59,76,7.98,6010,1.36
2018,"NL",0.1187,10.51,59.7,560,101.12,94,32.2,7.38,10940,1.68
2018,"NO",0.1254,12.09,-593.2,868,106.2,84.7,31.5,72.75,16900,1.78
2018,"PL",0.0906,9.54,44.8,508,102.4,90.1,17.1,11.28,3040,1.07
2018,"PT",0.1007,15.75,75.6,284,101.15,89.1,43.3,30.32,4740,1.54
2018,"RO",0.099,7.48,24.3,399,102.66,85.5,29,23.88,1990,1.16
2018,"RS",0.0539,8.45,34.6,406,105.3,84.1,97.9,20.32,1390,1.16
2018,"SE",0.1202,17.93,29.2,736,103.1,70.2,43.6,54.65,11460,1.42
2018,"SI",0.1108,10.6,51.3,514,101.56,84.6,53.9,21.15,5120,1.32
2018,"SK",0.0942,9.89,63.7,378,102.59,82.6,70.5,11.9,3730,1.32
2018,"TR",0.0727,4.95,73.8,253,126.76,89.7,52.6,13.66,1698,1.42
2018,"UA",0.0342,4.83,34.5,558,102.89,84.1,52.6,25,1699,0.83
2018,"UK",0.1347,11.82,35.4,572,104.4,84.1,29.3,11.02,9020,1.46
2018,"XK",0.0569,9.33,29.3,319,102.89,84.1,94.3,24.9,1620,1.11
2018.5,"AL",0.0759,10.87,38.2,171,105.5,84.5,52,34.47,1620,1.36
2018.5,"AT",0.1265,14.29,44.7,458,104.83,85.6,55.5,33.71,10780,1.2
2018.5,"BA",0.0729,7.73,24.7,337,105.5,83.8,40.5,34.99,1621,1.05
2018.5,"BE",0.1976,13.74,53.8,445,105.93,83.6,51.5,21.71,9700,1.43
2018.5,"BG",0.0838,10.12,30.8,249,103.41,109.5,35.8,27.26,2210,1.11
2018.5,"CY",0.1745,10.26,58.9,285,101.67,96.2,100,23.94,6290,1.23
2018.5,"CZ",0.1299,13.05,31,422,105.7,75.2,62.6,24.58,5020,1.17
2018.5,"DE",0.1378,12.53,44.4,425,105.2,90.7,30.2,25.24,10130,1.39
2018.5,"DK",0.1116,11.58,24.4,486,102.7,64.7,32.8,34.85,12980,1.55
2018.5,"EE",0.1048,8.5,13,447,108.87,107.6,80,32,4960,1.14
2018.5,"EL",0.1125,15.71,48,273,101.87,83.7,58.2,26,4670,1.54
2018.5,"ES",0.1947,19.43,49.3,251,103.31,84.9,22.4,25.73,6360,1.26
2018.5,"FI",0.1144,13.15,35.1,607,102.36,70.8,24.7,37.58,10480,1.45
2018.5,"FR",0.1168,15.36,35.9,383,103.8,83.4,82.1,25.3,8610,1.39
2018.5,"GE",0.0628,3.56,50.5,370,105.5,83.8,52.6,29.5,1699,1.42
2018.5,"HR",0.1028,7.99,39,372,103.2,90.3,82.7,31.01,3570,1.26
2018.5,"HU",0.088,7.59,41.6,389,106.44,79,55.1,23.24,3530,1.18
2018.5,"IE",0.2006,17.6,46.3,377,101.4,84.2,44,22.53,17470,1.37
2018.5,"IS",0.1152,13.15,22.2,808,102.8,46.6,52.6,53.09,16430,1.69
2018.5,"IT",0.1416,17.26,50.8,357,102,81.3,19,25.89,7230,1.61
2018.5,"LI",0.169,16.84,31.2,370,105.5,83.8,52.6,29.5,10780,1.74
2018.5,"LT",0.0771,8.25,49.7,358,106.82,98.3,15.5,29.22,4340,1.16
2018.5,"LU",0.1302,10.71,60.2,505,103.63,91.2,14.4,21.53,24280,1.19
2018.5,"LV",0.1041,9.87,34.8,411,105.75,81.8,63.4,37.15,3990,1.16
2018.5,"MD",0.096,7.42,49.5,370,105.5,83.8,77.8,29.5,1700,0.8
2018.5,"ME",0.0829,10.87,28.1,291,105.5,83.8,93,36.4,1621,1.16
2018.5,"MK",0.0667,14.27,42,208,105.08,83.8,82.4,26.06,1621,1.11
2018.5,"MT",0.123,16.49,61.5,188,106.81,58.7,76,20.99,6820,1.36
2018.5,"NL",0.1212,11.55,42.5,371,103.96,93.6,32.2,20.69,11030,1.68
2018.5,"NO",0.1382,13.15,-284.1,525,110.1,83.6,31.5,53.38,16930,1.78
2018.5,"PL",0.0889,10.11,35,345,102.6,90,17.1,22.64,3180,1.07
2018.5,"PT",0.1028,16.27,50.4,233,104.16,89.7,43.3,32.16,5090,1.54
2018.5,"RO",0.0964,8.26,24.8,291,103.94,85.1,29,28.94,2920,1.16
2018.5,"RS",0.0542,8.64,29.9,294,107.1,83.8,97.9,27.16,1580,1.16
2018.5,"SE",0.1287,19.64,27.2,459,105.82,69.8,43.6,44.32,10820,1.42
2018.5,"SI",0.1125,11.28,38.3,348,103.27,83.9,53.9,27.57,5710,1.32
2018.5,"SK",0.0849,10.63,44.5,280,103.53,82.3,70.5,22.95,4360,1.32
2018.5,"TR",0.0688,4.82,49.5,218,137.74,89.4,52.6,23.83,1700,1.42
2018.5,"UA",0.0342,5.75,29.8,370,105.5,83.8,52.6,29.5,1701,0.83
2018.5,"UK",0.1401,12.88,30.3,377,105.8,83.8,29.3,22.51,9010,1.46
2018.5,"XK",0.0579,10.87,27.2,251,105.5,83.8,94.3,29.45,1621,1.11
2019,"AL",0.0767,10.45,25.2,181,105.37,83.6,52,34,1621,1.36
2019,"AT",0.1316,13.37,25.2,182,105.62,85.8,55.5,34,10840,1.2
2019,"BA",0.0729,7.96,25.2,182,105.37,83.6,40.5,34,1621,1.05
2019,"BE",0.1948,12.18,25.2,182,105.69,83.6,51.5,34,9910,1.43
2019,"BG",0.0831,10.39,25.2,182,103.43,109.8,35.8,34,1840,1.11
2019,"CY",0.1545,8.99,25.2,182,98.53,95.7,100,34,5970,1.23
2019,"CZ",0.1238,13.42,25.2,182,106.5,74.5,62.6,34,4850,1.17
2019,"DE",0.1473,13.1,25.2,182,103.4,90.2,30.2,34,10190,1.39
2019,"DK",0.1084,10.35,25.2,182,101.8,63.7,32.8,34,12920,1.55
2019,"EE",0.0982,8.93,25.2,182,108.18,109.2,80,34,4910,1.14
2019,"EL",0.1141,13.39,25.2,182,100.54,83.9,58.2,34,3970,1.54
2019,"ES",0.1326,15.21,25.2,182,102.26,85.1,22.4,34,6360,1.26
2019,"FI",0.1173,12.63,25.2,182,102.48,70,24.7,34,10370,1.45
2019,"FR",0.1148,14.64,25.2,182,103.52,83.6,82.1,34,8870,1.39
2019,"GE",0.0686,3.56,25.2,182,105.37,83.6,52.6,34,1701,1.42
2019,"HR",0.1028,8.34,25.2,182,101.32,90.2,82.7,34,2910,1.26
2019,"HU",0.0882,7.56,25.2,182,106.88,79,55.1,34,3340,1.18
2019,"IE",0.2027,15.69,25.3,182,100,84,44,34,17320,1.37
2019,"IS",0.1131,12.63,25.2,183,99.66,46.3,52.6,34,13640,1.69
2019,"IT",0.1432,13.26,25.3,182,101.5,80.7,19,34,7080,1.61
2019,"LI",0.171,15.13,25.2,182,105.37,83.6,52.6,34,10840,1.74
2019,"LT",0.0947,8.92,25.2,182,107.6,97.5,15.5,34,3870,1.16
2019,"LU",0.1326,11.2,25.3,182,103.58,91,14.4,34,24460,1.19
2019,"LV",0.1136,9.76,25.2,182,106.53,81.3,63.4,34,3510,1.16
2019,"MD",0.0936,7.64,25.3,182,105.37,83.6,77.8,34,1701,0.8
2019,"ME",0.0834,10.45,25.2,182,105.37,83.6,93,34,1622,1.16
2019,"MK",0.0664,14.09,25.2,182,104.78,83.6,82.4,34,1622,1.11
2019,"MT",0.1214,13.32,25.3,182,100.58,58.4,76,34,6300,1.36
2019,"NL",0.1357,11.31,25.2,182,103.13,93.1,32.2,34,11370,1.68
2019,"NO",0.136,12.63,24.9,182,110,82.5,31.5,34,17370,1.78
2019,"PL",0.0898,10.55,25.2,182,103,89.9,17.1,34,3160,1.07
2019,"PT",0.1181,15.77,25.2,182,101.73,90.2,43.3,34,4950,1.54
2019,"RO",0.0983,8.1,25.2,182,105.98,84.7,29,34,2210,1.16
2019,"RS",0.0541,8.46,25.2,182,107.4,83.6,97.9,34,1470,1.16
2019,"SE",0.1297,18.71,25.2,182,105.13,69.3,43.6,34,11330,1.42
2019,"SI",0.1125,11.18,25.2,182,102.78,83.2,53.9,34,5400,1.32
2019,"SK",0.0962,10.39,25.2,182,104.86,82.1,70.5,34,3970,1.32
2019,"TR",0.0684,4.59,25.2,182,152.57,89.1,52.6,34,1702,1.42
2019,"UA",0.0369,6.18,25.2,182,105.37,83.6,52.6,34,1702,0.83
2019,"UK",0.145,12.52,25.2,182,106.3,83.5,29.3,34,9480,1.46
2019,"XK",0.0537,10.45,25.2,182,105.37,83.6,94.3,34,1622,1.11
2019.5,"AL",0.0778,10.85,25.2,181,107.83,83.6,52,34,1623,1.36
2019.5,"AT",0.1349,13.69,44.6,182,106.26,89.2,55.5,34,11140,1.2
2019.5,"BA",0.0728,7.91,44.6,182,107.83,88.1,40.5,34,1623,1.05
2019.5,"BE",0.1954,12.62,44.7,182,107.21,88.1,51.5,34,9960,1.43
2019.5,"BG",0.0798,10.51,44.6,182,106.13,101.2,35.8,34,2320,1.11
2019.5,"CY",0.1576,10.56,44.7,182,101.81,94.2,100,34,6530,1.23
2019.5,"CZ",0.1255,13.47,44.6,182,108.4,83.6,62.6,34,5350,1.17
2019.5,"DE",0.1321,11.97,44.7,182,106.4,91.4,30.2,34,10470,1.39
2019.5,"DK",0.1042,8.52,44.6,182,103.1,78.2,32.8,34,13400,1.55
2019.5,"EE",0.1027,8.64,44.6,182,111.1,100.9,80,34,5360,1.14
2019.5,"EL",0.1189,15.01,44.7,182,102.32,88.3,58.2,34,4750,1.54
2019.5,"ES",0.1321,21.75,44.7,182,103.98,88.9,22.4,34,6480,1.26
2019.5,"FI",0.1201,12.02,44.6,182,103.38,81.3,24.7,34,10840,1.45
2019.5,"FR",0.126,16.82,44.6,182,105.11,88.1,82.1,34,8860,1.39
2019.5,"GE",0.0524,3.37,44.7,182,107.83,88.1,52.6,34,1703,1.42
2019.5,"HR",0.103,9.02,44.6,182,104.12,91.4,82.7,34,3750,1.26
2019.5,"HU",0.0864,7.31,44.7,182,109.98,85.8,55.1,34,3810,1.18
2019.5,"IE",0.213,17.67,44.7,182,101.9,88.3,44,34,18900,1.37
2019.5,"IS",0.1132,12.02,44.6,183,104.48,69.4,52.6,34,15440,1.69
2019.5,"IT",0.1427,16.93,44.7,182,102.3,86.7,19,34,7350,1.61
2019.5,"LI",0.1765,17.29,44.6,182,107.83,88.1,52.6,34,11140,1.74
2019.5,"LT",0.0947,7.96,44.7,182,109.51,95.1,15.5,34,4670,1.16
2019.5,"LU",0.1325,10.32,44.7,182,105.3,91.8,14.4,34,25070,1.19
2019.5,"LV",0.1144,7.58,44.7,182,108.89,87,63.4,34,4210,1.16
2019.5,"MD",0.1019,7.75,44.7,182,107.83,88.1,77.8,34,1703,0.8
2019.5,"MK",0.0669,13.54,44.7,182,105.38,88.1,82.4,34,1623,1.11
2019.5,"MT",0.1227,15.97,44.7,182,108.76,75.5,76,34,6950,1.36
2019.5,"NL",0.1359,12.33,44.6,182,106.67,92.9,32.2,34,11480,1.68
2019.5,"NO",0.1264,12.02,44.3,182,112.1,87.6,31.5,34,16100,1.78
2019.5,"PL",0.0867,10.4,44.6,182,105.2,91.3,17.1,34,3410,1.07
2019.5,"PT",0.1204,16.22,44.7,182,103.46,91.4,43.3,34,5270,1.54
2019.5,"RO",0.1025,7.76,44.6,182,108.23,88.7,29,34,3170,1.16
2019.5,"RS",0.0551,8.75,44.6,182,109,88.1,97.9,34,1720,1.16
2019.5,"SE",0.1316,18.47,25.2,182,107.45,69.3,43.6,34,10980,1.42
2019.5,"SI",0.1146,10.93,44.6,182,105.38,87.9,53.9,34,5970,1.32
2019.5,"SK",0.0969,11.13,44.6,182,106.64,87.4,70.5,34,4510,1.32
2019.5,"TR",0.0841,6.1,44.7,182,160.68,90.9,52.6,34,1704,1.42
2019.5,"UA",0.0406,5.25,44.6,182,107.83,88.1,52.6,34,1704,0.83
2019.5,"UK",0.1512,12.43,44.6,182,107.9,88.1,29.3,34,9160,1.46
2019.5,"XK",0.0528,10.85,44.6,182,107.83,88.1,94.3,34,1623,1.11
2020,"AT",0.135,13.09,64.1,182,107.91,92.6,55.5,34,10510,1.2
2020,"BA",0.0721,7.91,64.1,182,107.91,92.6,40.5,34,1623,1.05
2020,"BE",0.1872,10.82,64.1,182,107.17,92.6,51.5,34,9710,1.43
2020,"BG",0.0831,9.18,64.1,182,106.94,92.6,35.8,34,1910,1.11
2020,"CY",0.1497,8.81,64.1,182,99.22,92.6,100,34,6010,1.23
2020,"CZ",0.1321,13.12,64.1,182,110.5,92.6,62.6,34,4940,1.17
2020,"DE",0.143,12.2,64.1,182,105.1,92.6,30.2,34,10230,1.39
2020,"DK",0.0951,7.97,64,182,102.6,92.6,32.8,34,13100,1.55
2020,"EE",0.0882,8.54,64.1,182,109.94,92.6,80,34,4920,1.14
2020,"EL",0.1292,12.08,64.1,182,101.63,92.6,58.2,34,3870,1.54
2020,"ES",0.1178,14.78,64.1,182,103.42,92.6,22.4,34,6140,1.26
2020,"FI",0.1178,9.5,64.1,182,103.72,92.6,24.7,34,10410,1.45
2020,"FR",0.1247,15.71,64.1,182,105.24,92.6,82.1,34,8580,1.39
2020,"GE",0.0562,3.28,64.1,182,107.91,92.6,52.6,34,1704,1.42
2020,"HR",0.1012,8.64,64.1,182,103.12,92.6,82.7,34,2970,1.26
2020,"HU",0.0812,6.98,64.1,182,111.92,92.6,55.1,34,3320,1.18
2020,"IE",0.2043,15.35,64.1,182,101.1,92.6,44,34,18450,1.37
2020,"IS",0.1061,9.5,64,183,100.31,92.6,52.6,34,13030,1.69
2020,"IT",0.1382,12.23,64.1,182,101.9,92.6,19,34,6760,1.61
2020,"LI",0.1823,15.76,64.1,182,107.91,92.6,52.6,34,10510,1.74
2020,"LT",0.1111,7.56,64.1,182,110.81,92.6,15.5,34,4020,1.16
2020,"LU",0.1465,10.28,64.1,182,106.21,92.6,14.4,34,24880,1.19
2020,"LV",0.0996,6.75,64.1,182,108.85,92.6,63.4,34,3530,1.16
2020,"MD",0.1068,7.78,64.1,182,107.91,92.6,77.8,34,1705,0.8
2020,"MK",0.0662,12.8,64.1,182,104.79,92.6,82.4,34,1623,1.11
2020,"MT",0.1208,12.15,64.1,182,101.97,92.6,76,34,6250,1.36
2020,"NL",0.1379,11.17,64.1,182,104.85,92.6,32.2,34,11540,1.68
2020,"NO",0.0954,9.5,63.7,182,111.9,92.6,31.5,34,16000,1.78
2020,"PL",0.0926,9.47,64,182,106.9,92.6,17.1,34,3330,1.07
2020,"PT",0.1139,15.66,64.1,182,102.57,92.6,43.3,34,4930,1.54
2020,"RO",0.1045,7.56,64,182,110.09,92.6,29,34,2330,1.16
2020,"RS",0.0564,8.47,64,182,109.9,92.6,97.9,34,1590,1.16
2020,"SI",0.1063,11.49,64,182,105.15,92.6,53.9,34,5380,1.32
2020,"SK",0.1074,10.59,64.1,182,108.23,92.6,70.5,34,3940,1.32
2020,"TR",0.0805,5.55,64.1,182,171.11,92.6,52.6,34,1705,1.42
2020,"UA",0.0388,4.19,64,182,107.91,92.6,52.6,34,1705,0.83
2020,"UK",0.1532,11.98,64,182,108.2,92.6,29.3,34,9600,1.46
2020,"XK",0.0525,10.5,64,182,107.91,92.6,94.3,34,1624,1.11
